trip_id,poi_id,action,timestamp
0,83,view,2025-02-21
0,113,click,2025-02-21
0,79,dismiss,2025-02-19
0,188,dismiss,2025-02-19
0,62,booking,2025-02-21
0,121,dismiss,2025-02-21
0,144,view,2025-02-19
0,61,view,2025-02-21
0,95,visit,2025-02-20
0,91,click,2025-02-19
0,103,click,2025-02-19
0,181,dismiss,2025-02-19
0,2,dismiss,2025-02-20
0,5,visit,2025-02-21
0,11,dismiss,2025-02-19
0,197,view,2025-02-20
0,54,click,2025-02-21
0,118,click,2025-02-20
0,74,view,2025-02-21
0,192,dismiss,2025-02-21
1,89,view,2025-08-15
1,148,view,2025-08-15
1,134,visit,2025-08-16
1,47,save,2025-08-17
1,155,click,2025-08-18
1,56,save,2025-08-15
1,24,dismiss,2025-08-18
1,135,visit,2025-08-17
1,41,view,2025-08-18
1,154,view,2025-08-15
1,110,click,2025-08-17
1,115,dismiss,2025-08-17
1,176,dismiss,2025-08-15
1,58,booking,2025-08-16
1,33,click,2025-08-15
1,59,click,2025-08-15
1,39,save,2025-08-16
1,30,dismiss,2025-08-17
1,73,view,2025-08-16
1,116,dismiss,2025-08-16
2,118,view,2025-09-05
2,25,click,2025-09-05
2,175,view,2025-09-03
2,80,view,2025-09-07
2,117,visit,2025-09-03
2,30,dismiss,2025-09-04
2,194,dismiss,2025-09-04
2,108,save,2025-09-03
2,145,view,2025-09-03
2,41,view,2025-09-04
2,166,dismiss,2025-09-07
2,54,click,2025-09-04
2,95,dismiss,2025-09-05
2,176,dismiss,2025-09-05
2,85,view,2025-09-07
2,102,view,2025-09-03
2,18,visit,2025-09-05
2,96,dismiss,2025-09-03
2,17,visit,2025-09-04
2,151,click,2025-09-04
3,163,click,2025-09-15
3,20,view,2025-09-14
3,184,dismiss,2025-09-14
3,114,save,2025-09-14
3,142,view,2025-09-14
3,188,dismiss,2025-09-14
3,186,click,2025-09-15
3,169,save,2025-09-15
3,7,click,2025-09-15
3,58,click,2025-09-15
3,68,dismiss,2025-09-15
3,25,dismiss,2025-09-15
3,140,dismiss,2025-09-15
3,174,click,2025-09-15
3,109,view,2025-09-14
3,40,dismiss,2025-09-14
3,193,view,2025-09-14
3,26,booking,2025-09-15
3,66,dismiss,2025-09-14
3,105,click,2025-09-14
4,53,dismiss,2025-05-08
4,77,dismiss,2025-05-05
4,39,dismiss,2025-05-08
4,143,view,2025-05-08
4,187,dismiss,2025-05-07
4,101,click,2025-05-06
4,79,dismiss,2025-05-08
4,194,dismiss,2025-05-07
4,186,view,2025-05-07
4,99,dismiss,2025-05-05
4,29,click,2025-05-09
4,184,view,2025-05-09
4,85,click,2025-05-07
4,49,click,2025-05-09
4,116,click,2025-05-08
4,36,booking,2025-05-07
4,133,booking,2025-05-09
4,176,click,2025-05-09
4,178,dismiss,2025-05-08
4,34,click,2025-05-08
5,52,view,2025-07-03
5,140,click,2025-07-03
5,40,click,2025-07-05
5,41,click,2025-07-03
5,132,click,2025-07-03
5,150,view,2025-07-03
5,119,view,2025-07-04
5,90,click,2025-07-03
5,180,dismiss,2025-07-03
5,198,click,2025-07-04
5,196,dismiss,2025-07-05
5,50,click,2025-07-05
5,165,view,2025-07-05
5,16,visit,2025-07-04
5,63,view,2025-07-04
5,139,view,2025-07-05
5,181,dismiss,2025-07-05
5,98,click,2025-07-05
5,62,click,2025-07-05
5,58,dismiss,2025-07-03
6,119,click,2025-03-03
6,7,dismiss,2025-03-03
6,193,view,2025-03-03
6,8,dismiss,2025-03-06
6,194,view,2025-03-05
6,48,view,2025-03-04
6,116,dismiss,2025-03-03
6,81,dismiss,2025-03-03
6,17,visit,2025-03-02
6,34,view,2025-03-05
6,1,dismiss,2025-03-04
6,176,dismiss,2025-03-02
6,9,click,2025-03-03
6,23,dismiss,2025-03-05
6,6,view,2025-03-05
6,124,click,2025-03-05
6,197,dismiss,2025-03-04
6,142,click,2025-03-02
6,178,dismiss,2025-03-03
6,59,view,2025-03-03
7,33,view,2025-11-20
7,78,visit,2025-11-21
7,154,click,2025-11-20
7,88,view,2025-11-21
7,41,click,2025-11-23
7,83,click,2025-11-20
7,42,view,2025-11-20
7,177,booking,2025-11-20
7,52,save,2025-11-20
7,123,view,2025-11-22
7,188,dismiss,2025-11-23
7,30,visit,2025-11-22
7,95,click,2025-11-23
7,165,view,2025-11-23
7,23,view,2025-11-22
7,66,dismiss,2025-11-23
7,114,click,2025-11-22
7,13,click,2025-11-21
7,150,visit,2025-11-23
7,183,dismiss,2025-11-23
8,40,save,2025-07-31
8,175,view,2025-07-29
8,16,view,2025-07-31
8,75,booking,2025-07-30
8,159,dismiss,2025-07-31
8,193,dismiss,2025-08-01
8,52,dismiss,2025-07-30
8,68,view,2025-07-30
8,33,click,2025-07-28
8,195,view,2025-07-29
8,60,view,2025-07-30
8,139,save,2025-07-30
8,20,view,2025-08-01
8,35,dismiss,2025-07-29
8,69,dismiss,2025-07-31
8,90,click,2025-07-28
8,45,view,2025-07-30
8,160,click,2025-07-28
8,137,click,2025-07-30
8,77,click,2025-07-28
9,175,dismiss,2025-08-08
9,110,visit,2025-08-06
9,197,dismiss,2025-08-08
9,18,dismiss,2025-08-08
9,105,click,2025-08-07
9,31,click,2025-08-07
9,115,visit,2025-08-06
9,29,dismiss,2025-08-07
9,99,visit,2025-08-08
9,154,visit,2025-08-06
9,16,dismiss,2025-08-08
9,196,visit,2025-08-06
9,65,booking,2025-08-07
9,79,view,2025-08-06
9,113,view,2025-08-08
9,69,click,2025-08-06
9,95,visit,2025-08-08
9,153,click,2025-08-08
9,8,view,2025-08-06
9,11,save,2025-08-07
10,28,dismiss,2025-06-09
10,60,dismiss,2025-06-10
10,40,visit,2025-06-08
10,141,click,2025-06-09
10,136,click,2025-06-08
10,2,view,2025-06-08
10,19,click,2025-06-08
10,83,click,2025-06-08
10,66,view,2025-06-08
10,78,view,2025-06-10
10,100,dismiss,2025-06-10
10,81,visit,2025-06-08
10,188,dismiss,2025-06-09
10,16,view,2025-06-09
10,142,click,2025-06-08
10,106,click,2025-06-08
10,173,visit,2025-06-10
10,172,save,2025-06-08
10,53,view,2025-06-09
10,4,save,2025-06-09
11,135,view,2025-08-23
11,35,dismiss,2025-08-23
11,70,visit,2025-08-23
11,75,click,2025-08-23
11,21,visit,2025-08-24
11,94,visit,2025-08-24
11,126,view,2025-08-22
11,136,dismiss,2025-08-24
11,102,click,2025-08-24
11,164,dismiss,2025-08-24
11,199,dismiss,2025-08-22
11,147,booking,2025-08-23
11,198,view,2025-08-22
11,60,dismiss,2025-08-23
11,1,view,2025-08-22
11,44,visit,2025-08-23
11,62,view,2025-08-24
11,67,dismiss,2025-08-22
11,122,save,2025-08-24
11,40,booking,2025-08-24
12,41,booking,2025-05-31
12,181,dismiss,2025-05-31
12,177,save,2025-05-31
12,37,dismiss,2025-05-31
12,31,view,2025-05-31
12,49,dismiss,2025-05-29
12,74,click,2025-05-30
12,106,dismiss,2025-05-31
12,80,click,2025-06-01
12,51,view,2025-05-31
12,29,view,2025-06-01
12,13,view,2025-06-01
12,99,booking,2025-05-29
12,6,visit,2025-05-30
12,7,view,2025-06-01
12,123,dismiss,2025-05-29
12,97,view,2025-05-30
12,152,click,2025-06-01
12,114,dismiss,2025-06-01
12,161,save,2025-06-01
13,5,dismiss,2025-06-15
13,20,view,2025-06-17
13,120,dismiss,2025-06-16
13,74,dismiss,2025-06-16
13,49,dismiss,2025-06-17
13,173,view,2025-06-16
13,174,dismiss,2025-06-15
13,107,dismiss,2025-06-15
13,176,click,2025-06-17
13,103,view,2025-06-17
13,181,booking,2025-06-17
13,163,booking,2025-06-15
13,198,dismiss,2025-06-15
13,149,view,2025-06-16
13,13,click,2025-06-15
13,6,view,2025-06-16
13,84,click,2025-06-16
13,121,dismiss,2025-06-16
13,158,click,2025-06-15
13,64,dismiss,2025-06-17
14,199,click,2025-01-06
14,32,click,2025-01-07
14,0,booking,2025-01-07
14,170,click,2025-01-06
14,31,dismiss,2025-01-07
14,112,click,2025-01-07
14,42,save,2025-01-06
14,11,booking,2025-01-06
14,9,dismiss,2025-01-07
14,74,view,2025-01-07
14,41,click,2025-01-06
14,173,view,2025-01-06
14,160,visit,2025-01-06
14,87,visit,2025-01-07
14,99,booking,2025-01-06
14,192,click,2025-01-07
14,40,dismiss,2025-01-06
14,117,click,2025-01-07
14,12,click,2025-01-07
14,61,save,2025-01-06
15,65,booking,2025-05-29
15,180,dismiss,2025-05-31
15,25,visit,2025-05-29
15,164,dismiss,2025-05-30
15,78,view,2025-05-30
15,128,view,2025-05-30
15,129,booking,2025-05-30
15,79,visit,2025-05-30
15,126,dismiss,2025-05-29
15,0,save,2025-05-31
15,173,view,2025-05-30
15,189,visit,2025-05-31
15,73,dismiss,2025-05-29
15,199,view,2025-05-28
15,155,view,2025-05-30
15,47,dismiss,2025-05-29
15,43,save,2025-05-31
15,151,view,2025-05-28
15,103,save,2025-05-28
15,192,click,2025-05-31
16,44,view,2025-02-24
16,68,view,2025-02-23
16,120,click,2025-02-24
16,52,click,2025-02-22
16,158,click,2025-02-24
16,33,view,2025-02-22
16,144,click,2025-02-22
16,80,dismiss,2025-02-25
16,17,save,2025-02-25
16,191,click,2025-02-24
16,66,click,2025-02-25
16,160,dismiss,2025-02-25
16,155,dismiss,2025-02-24
16,32,view,2025-02-23
16,147,click,2025-02-22
16,151,dismiss,2025-02-23
16,74,dismiss,2025-02-25
16,115,view,2025-02-22
16,135,dismiss,2025-02-23
16,83,visit,2025-02-24
17,165,view,2025-09-19
17,5,save,2025-09-18
17,163,click,2025-09-18
17,23,view,2025-09-17
17,173,click,2025-09-15
17,160,dismiss,2025-09-18
17,104,view,2025-09-17
17,7,dismiss,2025-09-18
17,57,dismiss,2025-09-16
17,70,dismiss,2025-09-16
17,86,view,2025-09-17
17,184,view,2025-09-15
17,80,dismiss,2025-09-15
17,13,view,2025-09-15
17,183,view,2025-09-17
17,81,click,2025-09-19
17,180,click,2025-09-16
17,134,view,2025-09-17
17,140,dismiss,2025-09-19
17,159,click,2025-09-19
18,198,click,2025-03-02
18,123,view,2025-03-04
18,45,dismiss,2025-03-06
18,189,dismiss,2025-03-05
18,32,dismiss,2025-03-04
18,110,dismiss,2025-03-06
18,44,dismiss,2025-03-06
18,7,dismiss,2025-03-05
18,83,click,2025-03-03
18,15,dismiss,2025-03-03
18,154,dismiss,2025-03-04
18,199,dismiss,2025-03-06
18,145,dismiss,2025-03-05
18,82,view,2025-03-03
18,0,click,2025-03-04
18,127,view,2025-03-05
18,109,dismiss,2025-03-04
18,68,click,2025-03-04
18,41,click,2025-03-06
18,89,view,2025-03-05
19,42,click,2025-04-12
19,137,click,2025-04-10
19,80,dismiss,2025-04-10
19,189,dismiss,2025-04-10
19,11,dismiss,2025-04-11
19,59,click,2025-04-11
19,130,click,2025-04-11
19,162,booking,2025-04-11
19,119,view,2025-04-13
19,17,booking,2025-04-12
19,54,view,2025-04-11
19,129,dismiss,2025-04-13
19,135,view,2025-04-10
19,69,dismiss,2025-04-12
19,40,view,2025-04-10
19,142,view,2025-04-11
19,104,view,2025-04-13
19,5,click,2025-04-13
19,111,booking,2025-04-11
19,108,click,2025-04-11
20,129,dismiss,2025-04-06
20,36,dismiss,2025-04-02
20,146,visit,2025-04-04
20,153,click,2025-04-02
20,158,dismiss,2025-04-05
20,112,click,2025-04-03
20,172,click,2025-04-02
20,168,click,2025-04-03
20,17,dismiss,2025-04-05
20,52,click,2025-04-04
20,35,visit,2025-04-05
20,26,booking,2025-04-04
20,114,visit,2025-04-05
20,157,click,2025-04-04
20,195,view,2025-04-02
20,142,view,2025-04-04
20,125,click,2025-04-03
20,198,dismiss,2025-04-04
20,5,click,2025-04-06
20,75,dismiss,2025-04-03
21,128,dismiss,2025-08-25
21,4,visit,2025-08-26
21,43,view,2025-08-25
21,166,booking,2025-08-25
21,49,dismiss,2025-08-27
21,65,dismiss,2025-08-25
21,94,view,2025-08-27
21,141,dismiss,2025-08-25
21,156,dismiss,2025-08-27
21,130,click,2025-08-25
21,162,click,2025-08-26
21,44,view,2025-08-27
21,193,click,2025-08-27
21,99,click,2025-08-26
21,6,view,2025-08-25
21,168,dismiss,2025-08-25
21,11,visit,2025-08-27
21,148,dismiss,2025-08-27
21,127,dismiss,2025-08-27
21,119,save,2025-08-27
22,4,view,2025-11-01
22,98,click,2025-11-02
22,31,click,2025-11-03
22,15,booking,2025-11-03
22,76,view,2025-11-03
22,157,view,2025-11-02
22,65,dismiss,2025-11-02
22,103,click,2025-11-02
22,109,view,2025-11-02
22,13,view,2025-11-02
22,60,click,2025-11-03
22,101,dismiss,2025-11-03
22,162,visit,2025-11-03
22,133,view,2025-11-02
22,187,click,2025-11-01
22,185,dismiss,2025-11-01
22,67,save,2025-11-03
22,89,view,2025-11-02
22,137,dismiss,2025-11-03
22,149,click,2025-11-03
23,41,view,2025-12-18
23,120,view,2025-12-17
23,108,booking,2025-12-19
23,15,save,2025-12-18
23,164,click,2025-12-17
23,16,dismiss,2025-12-17
23,149,click,2025-12-19
23,191,dismiss,2025-12-16
23,177,view,2025-12-16
23,102,view,2025-12-17
23,66,dismiss,2025-12-16
23,89,dismiss,2025-12-19
23,168,click,2025-12-18
23,96,view,2025-12-16
23,21,view,2025-12-17
23,131,dismiss,2025-12-17
23,114,view,2025-12-17
23,25,click,2025-12-16
23,127,view,2025-12-18
23,179,dismiss,2025-12-17
24,145,dismiss,2025-03-06
24,62,view,2025-03-04
24,7,view,2025-03-07
24,118,click,2025-03-08
24,13,view,2025-03-06
24,111,view,2025-03-05
24,37,save,2025-03-06
24,139,view,2025-03-07
24,198,dismiss,2025-03-06
24,148,dismiss,2025-03-04
24,24,dismiss,2025-03-04
24,189,click,2025-03-05
24,47,booking,2025-03-05
24,116,click,2025-03-04
24,150,view,2025-03-07
24,166,click,2025-03-08
24,41,view,2025-03-04
24,43,dismiss,2025-03-05
24,5,click,2025-03-04
24,89,view,2025-03-08
25,104,view,2025-08-22
25,54,booking,2025-08-22
25,170,click,2025-08-20
25,182,dismiss,2025-08-19
25,56,dismiss,2025-08-19
25,149,view,2025-08-19
25,8,view,2025-08-23
25,28,dismiss,2025-08-20
25,43,dismiss,2025-08-20
25,172,dismiss,2025-08-21
25,139,click,2025-08-22
25,4,dismiss,2025-08-20
25,169,save,2025-08-19
25,19,dismiss,2025-08-22
25,196,view,2025-08-21
25,25,view,2025-08-19
25,79,click,2025-08-20
25,166,dismiss,2025-08-23
25,119,view,2025-08-20
25,148,dismiss,2025-08-19
26,16,view,2025-10-12
26,127,save,2025-10-13
26,86,dismiss,2025-10-13
26,35,save,2025-10-12
26,61,booking,2025-10-10
26,40,click,2025-10-10
26,67,view,2025-10-11
26,63,dismiss,2025-10-11
26,162,click,2025-10-13
26,153,visit,2025-10-13
26,15,click,2025-10-11
26,116,click,2025-10-11
26,187,click,2025-10-13
26,64,dismiss,2025-10-11
26,179,view,2025-10-12
26,100,dismiss,2025-10-13
26,90,dismiss,2025-10-10
26,7,click,2025-10-11
26,39,view,2025-10-13
26,41,dismiss,2025-10-13
27,58,dismiss,2025-10-20
27,139,booking,2025-10-20
27,47,dismiss,2025-10-22
27,5,view,2025-10-22
27,17,view,2025-10-21
27,112,save,2025-10-21
27,107,click,2025-10-22
27,135,click,2025-10-21
27,113,dismiss,2025-10-20
27,23,click,2025-10-21
27,7,view,2025-10-22
27,36,dismiss,2025-10-20
27,56,view,2025-10-20
27,117,save,2025-10-20
27,74,view,2025-10-21
27,157,visit,2025-10-20
27,133,view,2025-10-20
27,146,dismiss,2025-10-20
27,34,dismiss,2025-10-21
27,1,click,2025-10-20
28,176,click,2025-11-02
28,27,view,2025-11-01
28,110,dismiss,2025-11-03
28,42,view,2025-11-01
28,174,dismiss,2025-11-02
28,76,booking,2025-11-03
28,86,view,2025-11-03
28,188,view,2025-11-03
28,99,click,2025-11-01
28,124,click,2025-11-03
28,12,visit,2025-11-03
28,93,click,2025-11-02
28,39,view,2025-11-01
28,167,dismiss,2025-11-02
28,153,view,2025-11-01
28,128,visit,2025-11-01
28,96,view,2025-11-02
28,88,view,2025-11-02
28,77,visit,2025-11-01
28,194,view,2025-11-03
29,128,booking,2025-12-01
29,183,booking,2025-11-29
29,174,view,2025-11-28
29,4,view,2025-11-29
29,164,dismiss,2025-11-29
29,45,dismiss,2025-11-29
29,142,dismiss,2025-11-30
29,121,view,2025-12-02
29,192,dismiss,2025-12-01
29,124,dismiss,2025-11-28
29,92,view,2025-12-02
29,112,dismiss,2025-11-28
29,131,save,2025-12-02
29,132,visit,2025-11-29
29,165,dismiss,2025-12-01
29,103,view,2025-11-28
29,115,booking,2025-11-29
29,86,dismiss,2025-11-30
29,169,view,2025-11-30
29,2,dismiss,2025-12-01
30,140,click,2025-08-17
30,28,booking,2025-08-20
30,174,click,2025-08-18
30,22,view,2025-08-20
30,107,dismiss,2025-08-20
30,189,view,2025-08-18
30,135,click,2025-08-20
30,18,booking,2025-08-19
30,78,save,2025-08-16
30,149,dismiss,2025-08-17
30,87,visit,2025-08-20
30,110,view,2025-08-17
30,50,dismiss,2025-08-20
30,178,visit,2025-08-18
30,182,view,2025-08-16
30,24,view,2025-08-17
30,13,booking,2025-08-16
30,68,dismiss,2025-08-20
30,36,click,2025-08-17
30,169,booking,2025-08-20
31,60,view,2025-11-06
31,108,click,2025-11-07
31,123,click,2025-11-09
31,158,visit,2025-11-07
31,137,view,2025-11-09
31,159,click,2025-11-08
31,69,view,2025-11-08
31,57,click,2025-11-06
31,97,view,2025-11-07
31,102,click,2025-11-08
31,152,dismiss,2025-11-09
31,170,click,2025-11-08
31,119,view,2025-11-08
31,84,dismiss,2025-11-06
31,63,view,2025-11-06
31,125,view,2025-11-08
31,133,view,2025-11-07
31,128,view,2025-11-07
31,89,click,2025-11-08
31,80,dismiss,2025-11-06
32,65,dismiss,2025-09-03
32,186,view,2025-09-03
32,109,view,2025-09-03
32,101,view,2025-09-02
32,140,visit,2025-09-02
32,68,click,2025-08-31
32,40,click,2025-09-02
32,45,view,2025-09-02
32,9,dismiss,2025-09-01
32,178,view,2025-08-30
32,173,view,2025-09-03
32,71,view,2025-09-01
32,29,dismiss,2025-08-30
32,105,dismiss,2025-08-31
32,20,view,2025-09-03
32,69,view,2025-09-01
32,134,dismiss,2025-08-31
32,103,dismiss,2025-09-01
32,106,dismiss,2025-09-03
32,199,view,2025-08-31
33,25,click,2025-11-02
33,134,visit,2025-11-03
33,175,save,2025-10-31
33,16,save,2025-10-31
33,180,dismiss,2025-10-31
33,102,view,2025-11-01
33,61,click,2025-11-03
33,105,dismiss,2025-10-31
33,22,dismiss,2025-11-01
33,45,click,2025-11-02
33,5,click,2025-10-31
33,119,dismiss,2025-11-03
33,84,view,2025-10-30
33,94,view,2025-11-02
33,139,view,2025-10-31
33,166,click,2025-11-02
33,152,dismiss,2025-11-03
33,28,save,2025-11-02
33,142,click,2025-11-03
33,108,booking,2025-11-03
34,167,view,2025-03-09
34,107,dismiss,2025-03-10
34,3,dismiss,2025-03-09
34,97,click,2025-03-10
34,123,click,2025-03-10
34,196,view,2025-03-09
34,191,click,2025-03-07
34,140,click,2025-03-08
34,147,view,2025-03-08
34,59,booking,2025-03-08
34,139,view,2025-03-08
34,115,click,2025-03-10
34,126,dismiss,2025-03-08
34,120,dismiss,2025-03-08
34,136,dismiss,2025-03-09
34,111,click,2025-03-10
34,31,visit,2025-03-09
34,157,dismiss,2025-03-07
34,162,save,2025-03-07
34,36,save,2025-03-10
35,117,view,2025-12-28
35,199,view,2025-12-28
35,169,save,2025-12-31
35,122,visit,2025-12-31
35,173,booking,2025-12-29
35,181,save,2025-12-29
35,63,click,2025-12-29
35,32,view,2025-12-29
35,105,click,2025-12-28
35,149,visit,2025-12-28
35,40,view,2025-12-28
35,30,dismiss,2025-12-29
35,190,click,2025-12-31
35,195,view,2025-12-28
35,143,view,2025-12-31
35,98,click,2025-12-29
35,121,save,2025-12-28
35,94,dismiss,2025-12-28
35,85,view,2025-12-28
35,126,dismiss,2025-12-29
36,102,click,2025-05-18
36,106,view,2025-05-18
36,107,save,2025-05-14
36,175,view,2025-05-16
36,188,dismiss,2025-05-15
36,109,save,2025-05-18
36,108,view,2025-05-14
36,6,click,2025-05-18
36,92,view,2025-05-17
36,193,dismiss,2025-05-17
36,82,click,2025-05-15
36,104,booking,2025-05-14
36,161,booking,2025-05-16
36,120,visit,2025-05-17
36,38,dismiss,2025-05-16
36,192,click,2025-05-14
36,12,save,2025-05-18
36,122,click,2025-05-17
36,44,view,2025-05-16
36,185,dismiss,2025-05-15
37,122,click,2025-09-29
37,91,dismiss,2025-09-30
37,120,visit,2025-09-30
37,40,click,2025-09-29
37,71,click,2025-09-28
37,140,view,2025-09-30
37,39,booking,2025-09-30
37,177,dismiss,2025-09-30
37,42,dismiss,2025-09-29
37,41,click,2025-09-29
37,33,view,2025-09-30
37,104,visit,2025-09-30
37,78,save,2025-09-28
37,157,dismiss,2025-09-30
37,178,view,2025-09-29
37,165,dismiss,2025-09-29
37,60,dismiss,2025-09-29
37,145,dismiss,2025-09-29
37,162,click,2025-09-28
37,135,click,2025-09-30
38,86,dismiss,2025-06-29
38,43,visit,2025-06-28
38,78,view,2025-06-29
38,90,dismiss,2025-06-28
38,68,dismiss,2025-06-28
38,82,booking,2025-06-28
38,184,visit,2025-06-28
38,36,view,2025-06-28
38,15,view,2025-06-29
38,45,dismiss,2025-06-29
38,3,view,2025-06-28
38,87,dismiss,2025-06-29
38,140,visit,2025-06-28
38,164,visit,2025-06-29
38,56,dismiss,2025-06-29
38,133,visit,2025-06-29
38,48,dismiss,2025-06-28
38,118,booking,2025-06-28
38,116,view,2025-06-28
38,38,booking,2025-06-29
39,81,click,2025-11-04
39,97,click,2025-11-03
39,78,click,2025-11-03
39,33,dismiss,2025-11-05
39,165,dismiss,2025-11-05
39,69,click,2025-11-04
39,9,view,2025-11-05
39,28,click,2025-11-04
39,100,view,2025-11-03
39,56,view,2025-11-04
39,63,view,2025-11-05
39,3,visit,2025-11-05
39,142,view,2025-11-06
39,116,view,2025-11-04
39,186,booking,2025-11-04
39,79,dismiss,2025-11-05
39,6,view,2025-11-06
39,174,save,2025-11-05
39,167,view,2025-11-04
39,153,dismiss,2025-11-05
40,10,dismiss,2025-05-06
40,199,click,2025-05-08
40,14,visit,2025-05-05
40,17,booking,2025-05-06
40,110,dismiss,2025-05-08
40,140,dismiss,2025-05-07
40,161,save,2025-05-08
40,141,view,2025-05-05
40,19,click,2025-05-07
40,71,dismiss,2025-05-08
40,27,dismiss,2025-05-08
40,89,click,2025-05-07
40,174,click,2025-05-08
40,176,dismiss,2025-05-05
40,77,dismiss,2025-05-08
40,72,click,2025-05-08
40,103,view,2025-05-05
40,163,view,2025-05-05
40,99,click,2025-05-08
40,39,view,2025-05-08
41,70,booking,2025-06-28
41,129,view,2025-06-27
41,155,dismiss,2025-06-26
41,53,click,2025-06-28
41,12,dismiss,2025-06-29
41,110,click,2025-06-28
41,166,dismiss,2025-06-29
41,101,click,2025-06-29
41,102,view,2025-06-27
41,47,dismiss,2025-06-28
41,48,click,2025-06-30
41,75,click,2025-06-27
41,93,view,2025-06-26
41,19,dismiss,2025-06-30
41,153,view,2025-06-26
41,175,click,2025-06-29
41,0,click,2025-06-27
41,114,click,2025-06-29
41,184,click,2025-06-28
41,78,dismiss,2025-06-29
42,57,click,2025-02-21
42,158,dismiss,2025-02-22
42,44,click,2025-02-22
42,149,booking,2025-02-22
42,29,view,2025-02-22
42,146,visit,2025-02-22
42,126,dismiss,2025-02-22
42,23,click,2025-02-21
42,48,save,2025-02-21
42,51,click,2025-02-21
42,164,dismiss,2025-02-21
42,136,dismiss,2025-02-21
42,42,visit,2025-02-22
42,116,click,2025-02-22
42,46,dismiss,2025-02-22
42,49,save,2025-02-21
42,41,dismiss,2025-02-22
42,156,view,2025-02-21
42,101,click,2025-02-21
42,11,dismiss,2025-02-22
43,4,dismiss,2025-08-11
43,103,dismiss,2025-08-11
43,55,dismiss,2025-08-14
43,18,view,2025-08-14
43,112,click,2025-08-12
43,44,dismiss,2025-08-13
43,24,view,2025-08-11
43,59,save,2025-08-14
43,72,dismiss,2025-08-14
43,42,booking,2025-08-14
43,117,dismiss,2025-08-11
43,48,click,2025-08-12
43,86,dismiss,2025-08-11
43,189,dismiss,2025-08-12
43,169,view,2025-08-13
43,10,dismiss,2025-08-13
43,12,click,2025-08-11
43,159,dismiss,2025-08-13
43,178,dismiss,2025-08-12
43,126,view,2025-08-14
44,96,save,2025-05-22
44,61,view,2025-05-21
44,58,view,2025-05-22
44,29,view,2025-05-23
44,183,save,2025-05-23
44,129,dismiss,2025-05-24
44,2,dismiss,2025-05-21
44,181,dismiss,2025-05-21
44,196,booking,2025-05-23
44,4,click,2025-05-22
44,38,dismiss,2025-05-23
44,69,click,2025-05-24
44,101,save,2025-05-22
44,36,visit,2025-05-22
44,51,dismiss,2025-05-24
44,126,dismiss,2025-05-23
44,139,view,2025-05-22
44,19,dismiss,2025-05-22
44,66,view,2025-05-21
44,7,dismiss,2025-05-21
45,43,view,2025-12-27
45,124,click,2025-12-26
45,195,booking,2025-12-26
45,94,click,2025-12-27
45,169,view,2025-12-24
45,135,click,2025-12-24
45,2,click,2025-12-26
45,9,click,2025-12-25
45,109,view,2025-12-26
45,31,dismiss,2025-12-24
45,71,click,2025-12-27
45,156,visit,2025-12-25
45,83,dismiss,2025-12-25
45,147,click,2025-12-25
45,185,view,2025-12-24
45,162,view,2025-12-25
45,7,view,2025-12-24
45,8,visit,2025-12-27
45,51,click,2025-12-25
45,69,dismiss,2025-12-26
46,132,click,2025-02-08
46,152,view,2025-02-09
46,4,click,2025-02-09
46,18,click,2025-02-08
46,194,view,2025-02-07
46,124,click,2025-02-08
46,60,click,2025-02-08
46,69,view,2025-02-08
46,118,view,2025-02-08
46,111,dismiss,2025-02-08
46,80,click,2025-02-09
46,144,dismiss,2025-02-09
46,115,dismiss,2025-02-09
46,54,dismiss,2025-02-07
46,75,view,2025-02-07
46,16,save,2025-02-09
46,45,click,2025-02-07
46,184,click,2025-02-09
46,161,visit,2025-02-07
46,180,view,2025-02-08
47,57,click,2025-02-19
47,184,dismiss,2025-02-17
47,132,click,2025-02-17
47,14,click,2025-02-19
47,27,visit,2025-02-18
47,107,click,2025-02-18
47,83,view,2025-02-19
47,153,dismiss,2025-02-18
47,59,dismiss,2025-02-17
47,4,click,2025-02-18
47,33,click,2025-02-18
47,182,dismiss,2025-02-19
47,65,view,2025-02-18
47,100,dismiss,2025-02-17
47,145,view,2025-02-18
47,68,click,2025-02-17
47,34,dismiss,2025-02-17
47,199,dismiss,2025-02-17
47,43,click,2025-02-18
47,81,save,2025-02-18
48,179,dismiss,2025-06-28
48,62,booking,2025-06-27
48,33,view,2025-06-27
48,146,view,2025-07-01
48,19,click,2025-06-29
48,169,dismiss,2025-06-28
48,163,dismiss,2025-07-01
48,89,view,2025-06-29
48,195,dismiss,2025-06-28
48,114,view,2025-07-01
48,142,click,2025-06-28
48,120,view,2025-06-28
48,28,click,2025-06-30
48,137,visit,2025-06-30
48,12,view,2025-06-28
48,125,click,2025-06-27
48,159,dismiss,2025-07-01
48,158,click,2025-06-29
48,145,view,2025-06-28
48,60,view,2025-06-28
49,128,booking,2025-10-13
49,161,view,2025-10-13
49,116,click,2025-10-13
49,145,view,2025-10-13
49,195,dismiss,2025-10-12
49,111,click,2025-10-12
49,39,dismiss,2025-10-13
49,138,view,2025-10-12
49,99,save,2025-10-12
49,90,dismiss,2025-10-12
49,29,click,2025-10-13
49,120,click,2025-10-13
49,74,click,2025-10-12
49,44,view,2025-10-12
49,66,booking,2025-10-13
49,0,visit,2025-10-13
49,89,view,2025-10-13
49,64,click,2025-10-12
49,165,view,2025-10-13
49,186,click,2025-10-12
50,18,click,2025-04-10
50,42,click,2025-04-10
50,110,booking,2025-04-10
50,144,click,2025-04-10
50,57,view,2025-04-11
50,124,click,2025-04-11
50,109,view,2025-04-09
50,90,click,2025-04-11
50,142,visit,2025-04-09
50,196,view,2025-04-11
50,106,click,2025-04-11
50,0,save,2025-04-09
50,156,dismiss,2025-04-10
50,145,click,2025-04-11
50,12,view,2025-04-09
50,99,booking,2025-04-09
50,30,view,2025-04-10
50,126,dismiss,2025-04-11
50,63,dismiss,2025-04-11
50,66,view,2025-04-09
51,130,dismiss,2025-08-01
51,195,dismiss,2025-08-02
51,66,click,2025-07-31
51,112,click,2025-07-31
51,160,view,2025-08-02
51,41,view,2025-08-02
51,44,dismiss,2025-08-02
51,73,visit,2025-08-01
51,193,save,2025-08-01
51,128,view,2025-08-02
51,113,view,2025-08-01
51,19,view,2025-08-02
51,127,save,2025-08-02
51,7,view,2025-08-02
51,106,save,2025-08-01
51,178,view,2025-08-01
51,164,dismiss,2025-08-02
51,76,dismiss,2025-07-31
51,29,view,2025-07-31
51,192,click,2025-08-01
52,6,dismiss,2025-03-12
52,15,visit,2025-03-11
52,196,view,2025-03-10
52,144,save,2025-03-11
52,126,booking,2025-03-12
52,105,view,2025-03-10
52,90,booking,2025-03-10
52,23,click,2025-03-09
52,0,booking,2025-03-12
52,111,view,2025-03-12
52,199,click,2025-03-10
52,37,view,2025-03-09
52,132,click,2025-03-09
52,85,click,2025-03-10
52,179,click,2025-03-11
52,180,view,2025-03-09
52,74,visit,2025-03-09
52,76,click,2025-03-11
52,182,dismiss,2025-03-10
52,32,save,2025-03-11
53,51,view,2025-11-30
53,13,dismiss,2025-12-01
53,140,dismiss,2025-11-30
53,198,dismiss,2025-12-02
53,92,view,2025-12-01
53,49,dismiss,2025-12-02
53,133,dismiss,2025-12-01
53,161,click,2025-11-30
53,38,click,2025-12-02
53,23,dismiss,2025-12-02
53,159,dismiss,2025-12-01
53,33,dismiss,2025-12-01
53,36,view,2025-11-30
53,112,view,2025-12-02
53,81,click,2025-12-01
53,20,view,2025-11-30
53,191,view,2025-11-30
53,76,click,2025-12-01
53,15,visit,2025-11-30
53,177,dismiss,2025-12-02
54,100,click,2025-02-02
54,191,dismiss,2025-02-03
54,175,click,2025-01-30
54,170,click,2025-02-02
54,102,view,2025-02-02
54,155,view,2025-01-31
54,198,dismiss,2025-01-31
54,99,save,2025-02-03
54,134,view,2025-01-31
54,147,click,2025-02-03
54,16,dismiss,2025-02-01
54,86,click,2025-02-02
54,153,view,2025-02-02
54,26,booking,2025-01-30
54,132,view,2025-01-30
54,116,save,2025-02-03
54,106,view,2025-01-31
54,195,booking,2025-02-02
54,57,click,2025-02-02
54,129,view,2025-02-01
55,101,view,2025-06-21
55,94,dismiss,2025-06-21
55,145,view,2025-06-20
55,167,dismiss,2025-06-21
55,160,dismiss,2025-06-19
55,84,view,2025-06-21
55,106,dismiss,2025-06-19
55,47,visit,2025-06-19
55,59,view,2025-06-20
55,130,view,2025-06-21
55,37,dismiss,2025-06-19
55,33,view,2025-06-19
55,183,view,2025-06-20
55,13,view,2025-06-19
55,67,save,2025-06-20
55,126,booking,2025-06-21
55,142,click,2025-06-21
55,95,dismiss,2025-06-21
55,87,click,2025-06-21
55,115,dismiss,2025-06-19
56,196,save,2025-07-20
56,27,click,2025-07-19
56,3,click,2025-07-19
56,22,view,2025-07-19
56,38,dismiss,2025-07-20
56,164,click,2025-07-20
56,68,dismiss,2025-07-20
56,90,click,2025-07-20
56,145,click,2025-07-20
56,128,view,2025-07-20
56,11,dismiss,2025-07-20
56,49,dismiss,2025-07-20
56,52,view,2025-07-20
56,83,save,2025-07-19
56,96,visit,2025-07-19
56,156,save,2025-07-19
56,165,save,2025-07-20
56,162,visit,2025-07-19
56,161,click,2025-07-19
56,26,click,2025-07-20
57,39,view,2025-09-13
57,47,visit,2025-09-10
57,13,save,2025-09-10
57,161,dismiss,2025-09-10
57,155,click,2025-09-11
57,126,visit,2025-09-10
57,109,view,2025-09-12
57,77,click,2025-09-12
57,177,visit,2025-09-12
57,159,visit,2025-09-13
57,85,dismiss,2025-09-10
57,152,dismiss,2025-09-12
57,5,click,2025-09-10
57,110,view,2025-09-11
57,91,save,2025-09-12
57,61,click,2025-09-10
57,42,save,2025-09-12
57,164,click,2025-09-10
57,160,dismiss,2025-09-10
57,149,click,2025-09-10
58,82,booking,2025-09-02
58,129,view,2025-09-02
58,178,click,2025-09-03
58,141,click,2025-09-02
58,37,click,2025-09-03
58,144,dismiss,2025-09-03
58,165,visit,2025-09-03
58,115,view,2025-09-03
58,49,view,2025-09-02
58,14,click,2025-09-02
58,3,view,2025-09-02
58,53,view,2025-09-02
58,100,view,2025-09-02
58,197,view,2025-09-03
58,101,visit,2025-09-03
58,166,booking,2025-09-02
58,102,view,2025-09-03
58,195,click,2025-09-03
58,131,dismiss,2025-09-02
58,136,view,2025-09-03
59,10,view,2025-11-27
59,70,dismiss,2025-11-28
59,146,view,2025-11-28
59,39,view,2025-11-28
59,128,dismiss,2025-11-28
59,82,click,2025-11-28
59,160,view,2025-11-28
59,62,view,2025-11-28
59,135,click,2025-11-27
59,34,dismiss,2025-11-27
59,196,dismiss,2025-11-27
59,21,view,2025-11-28
59,105,visit,2025-11-28
59,101,view,2025-11-27
59,72,view,2025-11-27
59,108,click,2025-11-28
59,126,click,2025-11-27
59,93,click,2025-11-28
59,23,click,2025-11-27
59,63,save,2025-11-27
60,14,view,2025-02-07
60,90,view,2025-02-09
60,195,dismiss,2025-02-09
60,48,view,2025-02-07
60,142,click,2025-02-07
60,107,view,2025-02-08
60,76,view,2025-02-09
60,105,dismiss,2025-02-07
60,95,save,2025-02-08
60,13,view,2025-02-08
60,73,visit,2025-02-07
60,93,click,2025-02-09
60,104,view,2025-02-09
60,97,click,2025-02-07
60,120,save,2025-02-07
60,181,booking,2025-02-09
60,155,click,2025-02-09
60,198,dismiss,2025-02-07
60,138,click,2025-02-08
60,91,view,2025-02-09
61,82,dismiss,2025-07-12
61,4,save,2025-07-13
61,173,dismiss,2025-07-12
61,79,view,2025-07-10
61,47,click,2025-07-11
61,90,click,2025-07-12
61,37,view,2025-07-11
61,85,click,2025-07-13
61,28,view,2025-07-10
61,105,click,2025-07-11
61,43,dismiss,2025-07-11
61,171,dismiss,2025-07-12
61,164,dismiss,2025-07-11
61,93,dismiss,2025-07-11
61,95,booking,2025-07-12
61,36,view,2025-07-12
61,8,view,2025-07-10
61,162,booking,2025-07-11
61,49,view,2025-07-13
61,75,view,2025-07-11
62,102,click,2025-08-10
62,147,dismiss,2025-08-09
62,183,visit,2025-08-08
62,167,dismiss,2025-08-09
62,30,view,2025-08-08
62,138,dismiss,2025-08-08
62,150,booking,2025-08-10
62,65,click,2025-08-09
62,162,booking,2025-08-10
62,116,view,2025-08-09
62,160,click,2025-08-09
62,69,dismiss,2025-08-09
62,99,dismiss,2025-08-08
62,82,dismiss,2025-08-09
62,141,booking,2025-08-09
62,41,view,2025-08-10
62,4,booking,2025-08-08
62,24,view,2025-08-08
62,17,click,2025-08-08
62,62,click,2025-08-09
63,154,view,2025-09-02
63,125,dismiss,2025-09-01
63,65,click,2025-08-31
63,160,dismiss,2025-09-02
63,39,visit,2025-09-01
63,16,dismiss,2025-08-31
63,75,click,2025-08-30
63,144,dismiss,2025-09-02
63,36,click,2025-09-02
63,102,view,2025-09-01
63,143,click,2025-08-30
63,15,dismiss,2025-09-01
63,82,dismiss,2025-08-30
63,37,view,2025-09-02
63,30,view,2025-08-31
63,34,click,2025-09-02
63,163,view,2025-08-30
63,104,booking,2025-08-30
63,94,click,2025-08-30
63,182,view,2025-08-30
64,10,view,2025-03-07
64,167,click,2025-03-09
64,102,visit,2025-03-09
64,77,view,2025-03-07
64,105,view,2025-03-09
64,154,view,2025-03-07
64,70,click,2025-03-09
64,126,dismiss,2025-03-08
64,4,dismiss,2025-03-06
64,147,dismiss,2025-03-09
64,87,save,2025-03-07
64,79,view,2025-03-08
64,145,visit,2025-03-10
64,187,click,2025-03-08
64,189,click,2025-03-07
64,165,view,2025-03-10
64,13,save,2025-03-10
64,191,click,2025-03-10
64,36,booking,2025-03-09
64,60,view,2025-03-10
65,35,view,2025-05-29
65,72,click,2025-05-29
65,171,click,2025-05-28
65,101,view,2025-05-28
65,13,save,2025-05-29
65,73,click,2025-05-28
65,91,click,2025-05-29
65,183,save,2025-05-28
65,100,booking,2025-05-29
65,78,click,2025-05-28
65,57,view,2025-05-29
65,97,dismiss,2025-05-28
65,53,dismiss,2025-05-28
65,167,view,2025-05-29
65,127,dismiss,2025-05-29
65,109,booking,2025-05-29
65,111,dismiss,2025-05-28
65,131,dismiss,2025-05-28
65,166,view,2025-05-28
65,60,dismiss,2025-05-29
66,84,dismiss,2025-05-12
66,9,dismiss,2025-05-13
66,115,view,2025-05-13
66,147,dismiss,2025-05-12
66,56,dismiss,2025-05-12
66,35,dismiss,2025-05-13
66,140,dismiss,2025-05-13
66,89,view,2025-05-12
66,114,view,2025-05-12
66,82,click,2025-05-12
66,136,click,2025-05-12
66,181,view,2025-05-13
66,66,view,2025-05-13
66,100,click,2025-05-13
66,162,dismiss,2025-05-13
66,71,view,2025-05-13
66,173,booking,2025-05-12
66,25,view,2025-05-12
66,62,dismiss,2025-05-13
66,70,click,2025-05-12
67,31,view,2025-08-21
67,61,dismiss,2025-08-21
67,58,save,2025-08-20
67,185,click,2025-08-21
67,192,visit,2025-08-20
67,79,dismiss,2025-08-21
67,172,dismiss,2025-08-20
67,176,dismiss,2025-08-21
67,129,view,2025-08-20
67,195,click,2025-08-20
67,60,dismiss,2025-08-20
67,21,click,2025-08-21
67,74,save,2025-08-20
67,145,save,2025-08-20
67,146,click,2025-08-20
67,77,click,2025-08-20
67,11,view,2025-08-20
67,75,dismiss,2025-08-21
67,131,dismiss,2025-08-21
67,104,save,2025-08-21
68,149,dismiss,2025-01-20
68,66,dismiss,2025-01-20
68,98,view,2025-01-19
68,68,dismiss,2025-01-21
68,175,dismiss,2025-01-19
68,55,click,2025-01-21
68,85,dismiss,2025-01-19
68,74,dismiss,2025-01-20
68,150,dismiss,2025-01-19
68,35,click,2025-01-19
68,168,view,2025-01-20
68,153,dismiss,2025-01-21
68,107,dismiss,2025-01-21
68,138,click,2025-01-20
68,123,dismiss,2025-01-20
68,23,dismiss,2025-01-19
68,147,dismiss,2025-01-19
68,197,view,2025-01-19
68,86,visit,2025-01-19
68,53,click,2025-01-21
69,144,view,2025-10-11
69,164,click,2025-10-12
69,16,view,2025-10-12
69,32,dismiss,2025-10-10
69,188,click,2025-10-10
69,21,view,2025-10-11
69,31,click,2025-10-10
69,77,view,2025-10-11
69,131,click,2025-10-12
69,122,click,2025-10-11
69,65,click,2025-10-10
69,162,view,2025-10-10
69,12,dismiss,2025-10-11
69,191,booking,2025-10-09
69,94,dismiss,2025-10-12
69,29,dismiss,2025-10-10
69,139,view,2025-10-09
69,11,view,2025-10-12
69,155,click,2025-10-12
69,10,booking,2025-10-10
70,186,view,2025-09-06
70,98,click,2025-09-05
70,185,view,2025-09-05
70,171,save,2025-09-05
70,104,visit,2025-09-06
70,129,save,2025-09-05
70,18,visit,2025-09-05
70,122,save,2025-09-06
70,100,view,2025-09-05
70,141,dismiss,2025-09-06
70,71,view,2025-09-05
70,157,dismiss,2025-09-05
70,5,view,2025-09-06
70,181,booking,2025-09-06
70,1,dismiss,2025-09-05
70,94,view,2025-09-06
70,32,click,2025-09-06
70,40,click,2025-09-05
70,52,view,2025-09-05
70,176,dismiss,2025-09-06
71,152,click,2025-09-16
71,58,save,2025-09-17
71,35,save,2025-09-15
71,172,dismiss,2025-09-17
71,95,click,2025-09-16
71,53,view,2025-09-16
71,94,click,2025-09-16
71,18,view,2025-09-16
71,66,click,2025-09-17
71,160,dismiss,2025-09-15
71,173,view,2025-09-16
71,142,dismiss,2025-09-15
71,139,booking,2025-09-15
71,195,dismiss,2025-09-15
71,17,click,2025-09-17
71,49,view,2025-09-16
71,161,view,2025-09-15
71,102,dismiss,2025-09-15
71,197,click,2025-09-16
71,65,dismiss,2025-09-17
72,26,save,2025-04-14
72,188,click,2025-04-13
72,169,view,2025-04-13
72,86,view,2025-04-13
72,164,dismiss,2025-04-12
72,153,view,2025-04-14
72,82,click,2025-04-14
72,110,click,2025-04-12
72,71,dismiss,2025-04-14
72,158,click,2025-04-14
72,130,view,2025-04-12
72,35,dismiss,2025-04-13
72,102,dismiss,2025-04-12
72,121,click,2025-04-12
72,97,dismiss,2025-04-13
72,23,view,2025-04-12
72,168,click,2025-04-14
72,66,dismiss,2025-04-12
72,39,visit,2025-04-12
72,138,click,2025-04-14
73,48,dismiss,2025-08-19
73,128,dismiss,2025-08-17
73,175,save,2025-08-18
73,143,click,2025-08-18
73,4,dismiss,2025-08-20
73,63,dismiss,2025-08-20
73,43,view,2025-08-16
73,156,dismiss,2025-08-16
73,179,save,2025-08-20
73,36,visit,2025-08-17
73,131,view,2025-08-17
73,139,click,2025-08-17
73,20,view,2025-08-18
73,164,click,2025-08-18
73,27,click,2025-08-16
73,165,booking,2025-08-20
73,150,view,2025-08-19
73,14,booking,2025-08-20
73,181,click,2025-08-20
73,55,click,2025-08-19
74,127,save,2025-08-02
74,82,view,2025-08-01
74,173,click,2025-08-01
74,87,booking,2025-08-02
74,24,click,2025-08-02
74,77,dismiss,2025-08-01
74,67,dismiss,2025-08-01
74,141,booking,2025-08-01
74,164,click,2025-08-02
74,93,click,2025-08-01
74,198,view,2025-08-02
74,165,click,2025-08-02
74,101,view,2025-08-02
74,41,click,2025-08-02
74,108,view,2025-08-01
74,128,visit,2025-08-01
74,117,click,2025-08-01
74,16,dismiss,2025-08-02
74,177,dismiss,2025-08-01
74,81,booking,2025-08-02
75,18,click,2025-12-05
75,183,booking,2025-12-05
75,66,dismiss,2025-12-06
75,159,view,2025-12-05
75,105,dismiss,2025-12-06
75,142,dismiss,2025-12-05
75,46,dismiss,2025-12-05
75,106,click,2025-12-06
75,173,click,2025-12-06
75,9,dismiss,2025-12-06
75,172,save,2025-12-05
75,133,dismiss,2025-12-05
75,80,dismiss,2025-12-06
75,19,dismiss,2025-12-05
75,194,dismiss,2025-12-06
75,17,click,2025-12-06
75,175,view,2025-12-05
75,99,dismiss,2025-12-05
75,48,view,2025-12-05
75,31,click,2025-12-05
76,106,click,2025-03-18
76,198,dismiss,2025-03-19
76,166,visit,2025-03-19
76,18,click,2025-03-18
76,143,booking,2025-03-18
76,73,dismiss,2025-03-20
76,196,dismiss,2025-03-18
76,197,view,2025-03-18
76,171,click,2025-03-18
76,127,view,2025-03-18
76,9,view,2025-03-20
76,0,dismiss,2025-03-18
76,195,dismiss,2025-03-19
76,104,view,2025-03-18
76,146,view,2025-03-20
76,62,dismiss,2025-03-20
76,128,click,2025-03-19
76,31,view,2025-03-18
76,107,click,2025-03-20
76,55,click,2025-03-19
77,73,dismiss,2025-11-23
77,100,click,2025-11-26
77,47,view,2025-11-26
77,15,dismiss,2025-11-24
77,190,view,2025-11-24
77,43,click,2025-11-22
77,31,visit,2025-11-25
77,139,click,2025-11-26
77,107,view,2025-11-22
77,5,dismiss,2025-11-22
77,196,dismiss,2025-11-23
77,27,dismiss,2025-11-23
77,150,dismiss,2025-11-24
77,42,view,2025-11-24
77,87,save,2025-11-26
77,57,view,2025-11-25
77,94,booking,2025-11-23
77,143,view,2025-11-22
77,80,dismiss,2025-11-26
77,131,view,2025-11-23
78,112,view,2025-01-23
78,138,click,2025-01-23
78,83,dismiss,2025-01-23
78,67,click,2025-01-23
78,157,dismiss,2025-01-22
78,26,click,2025-01-23
78,65,save,2025-01-23
78,181,click,2025-01-23
78,34,dismiss,2025-01-22
78,70,click,2025-01-22
78,155,visit,2025-01-23
78,23,click,2025-01-22
78,32,view,2025-01-23
78,199,save,2025-01-22
78,17,dismiss,2025-01-23
78,47,visit,2025-01-22
78,102,dismiss,2025-01-23
78,177,click,2025-01-22
78,165,view,2025-01-23
78,185,click,2025-01-23
79,149,view,2025-07-26
79,86,booking,2025-07-28
79,2,view,2025-07-27
79,184,dismiss,2025-07-26
79,90,click,2025-07-28
79,40,click,2025-07-30
79,157,dismiss,2025-07-29
79,47,save,2025-07-29
79,129,click,2025-07-28
79,77,view,2025-07-28
79,181,dismiss,2025-07-26
79,51,dismiss,2025-07-27
79,168,click,2025-07-30
79,151,dismiss,2025-07-27
79,194,view,2025-07-26
79,87,dismiss,2025-07-29
79,197,click,2025-07-29
79,13,dismiss,2025-07-28
79,96,dismiss,2025-07-26
79,116,save,2025-07-28
80,73,dismiss,2025-03-16
80,164,view,2025-03-19
80,9,booking,2025-03-19
80,109,visit,2025-03-18
80,1,click,2025-03-16
80,59,dismiss,2025-03-17
80,69,booking,2025-03-16
80,126,click,2025-03-18
80,91,view,2025-03-16
80,11,save,2025-03-17
80,64,dismiss,2025-03-18
80,136,view,2025-03-17
80,2,booking,2025-03-17
80,140,view,2025-03-17
80,99,click,2025-03-17
80,151,dismiss,2025-03-16
80,110,save,2025-03-18
80,65,click,2025-03-17
80,193,click,2025-03-17
80,77,booking,2025-03-19
81,3,click,2025-12-22
81,6,dismiss,2025-12-21
81,179,click,2025-12-22
81,67,click,2025-12-22
81,116,dismiss,2025-12-23
81,13,click,2025-12-20
81,157,view,2025-12-21
81,10,click,2025-12-21
81,85,view,2025-12-20
81,197,booking,2025-12-22
81,168,dismiss,2025-12-20
81,30,click,2025-12-21
81,37,booking,2025-12-21
81,66,view,2025-12-21
81,128,view,2025-12-21
81,138,dismiss,2025-12-22
81,26,view,2025-12-23
81,195,click,2025-12-22
81,28,save,2025-12-21
81,94,dismiss,2025-12-23
82,34,view,2025-11-21
82,196,view,2025-11-21
82,116,click,2025-11-22
82,15,view,2025-11-20
82,107,dismiss,2025-11-20
82,198,view,2025-11-21
82,122,click,2025-11-22
82,78,dismiss,2025-11-21
82,75,view,2025-11-20
82,19,click,2025-11-20
82,191,dismiss,2025-11-20
82,176,click,2025-11-21
82,11,view,2025-11-21
82,123,dismiss,2025-11-20
82,160,view,2025-11-20
82,168,view,2025-11-20
82,97,save,2025-11-20
82,31,click,2025-11-21
82,163,view,2025-11-20
82,115,dismiss,2025-11-20
83,105,click,2025-12-04
83,126,save,2025-12-01
83,198,click,2025-12-01
83,37,visit,2025-12-04
83,78,dismiss,2025-12-04
83,142,dismiss,2025-12-03
83,20,click,2025-12-03
83,28,click,2025-12-04
83,68,visit,2025-12-01
83,131,view,2025-12-02
83,172,save,2025-12-01
83,36,save,2025-12-04
83,99,save,2025-12-03
83,76,save,2025-12-04
83,46,click,2025-12-04
83,180,click,2025-12-01
83,159,view,2025-12-03
83,0,dismiss,2025-12-02
83,116,click,2025-12-02
83,24,click,2025-12-04
84,190,dismiss,2025-10-08
84,133,dismiss,2025-10-07
84,73,click,2025-10-06
84,170,click,2025-10-08
84,173,view,2025-10-05
84,105,dismiss,2025-10-05
84,13,visit,2025-10-09
84,75,view,2025-10-08
84,53,view,2025-10-09
84,86,view,2025-10-08
84,41,click,2025-10-08
84,16,view,2025-10-07
84,55,view,2025-10-08
84,26,dismiss,2025-10-07
84,89,booking,2025-10-06
84,138,click,2025-10-08
84,51,dismiss,2025-10-07
84,95,view,2025-10-08
84,81,click,2025-10-07
84,131,dismiss,2025-10-06
85,157,save,2025-11-29
85,37,view,2025-11-29
85,40,view,2025-11-29
85,170,view,2025-11-28
85,179,dismiss,2025-11-29
85,19,click,2025-11-28
85,137,click,2025-11-28
85,33,click,2025-11-29
85,169,dismiss,2025-11-28
85,22,dismiss,2025-11-28
85,189,dismiss,2025-11-28
85,16,view,2025-11-28
85,75,dismiss,2025-11-28
85,62,click,2025-11-29
85,54,view,2025-11-28
85,57,click,2025-11-29
85,172,visit,2025-11-29
85,144,booking,2025-11-29
85,64,dismiss,2025-11-29
85,82,save,2025-11-28
86,103,dismiss,2025-02-26
86,63,click,2025-02-28
86,82,click,2025-02-26
86,143,dismiss,2025-03-01
86,96,booking,2025-02-25
86,49,dismiss,2025-02-25
86,16,view,2025-02-25
86,69,view,2025-02-25
86,80,view,2025-02-28
86,177,view,2025-02-27
86,112,dismiss,2025-02-25
86,118,dismiss,2025-02-28
86,133,view,2025-02-25
86,152,view,2025-02-26
86,126,view,2025-02-26
86,13,click,2025-02-25
86,95,visit,2025-03-01
86,91,visit,2025-02-26
86,46,booking,2025-02-28
86,161,dismiss,2025-02-25
87,48,booking,2025-08-29
87,47,click,2025-08-31
87,115,view,2025-08-31
87,121,save,2025-08-29
87,153,dismiss,2025-08-31
87,69,dismiss,2025-08-30
87,40,dismiss,2025-08-31
87,93,dismiss,2025-08-29
87,145,dismiss,2025-08-30
87,105,click,2025-08-29
87,150,click,2025-08-29
87,188,view,2025-08-31
87,31,dismiss,2025-08-29
87,140,click,2025-08-31
87,96,view,2025-08-29
87,180,click,2025-08-30
87,138,view,2025-08-29
87,113,click,2025-08-29
87,37,dismiss,2025-08-29
87,75,dismiss,2025-08-31
88,37,visit,2025-04-03
88,41,dismiss,2025-04-05
88,194,view,2025-04-05
88,190,dismiss,2025-04-06
88,1,dismiss,2025-04-05
88,73,visit,2025-04-04
88,189,view,2025-04-03
88,113,visit,2025-04-04
88,133,click,2025-04-03
88,18,view,2025-04-06
88,44,visit,2025-04-04
88,141,booking,2025-04-04
88,82,dismiss,2025-04-05
88,134,click,2025-04-06
88,8,dismiss,2025-04-03
88,144,dismiss,2025-04-06
88,150,click,2025-04-06
88,76,save,2025-04-04
88,28,dismiss,2025-04-04
88,93,dismiss,2025-04-05
89,163,view,2025-05-26
89,27,click,2025-05-22
89,131,save,2025-05-26
89,91,dismiss,2025-05-26
89,115,view,2025-05-23
89,55,click,2025-05-25
89,67,view,2025-05-25
89,160,visit,2025-05-23
89,2,dismiss,2025-05-23
89,150,click,2025-05-22
89,77,dismiss,2025-05-25
89,33,view,2025-05-26
89,7,view,2025-05-24
89,86,dismiss,2025-05-24
89,120,view,2025-05-25
89,75,click,2025-05-26
89,30,view,2025-05-24
89,183,visit,2025-05-23
89,130,click,2025-05-23
89,84,dismiss,2025-05-24
90,185,click,2025-09-02
90,125,dismiss,2025-09-03
90,62,dismiss,2025-09-03
90,78,click,2025-09-03
90,85,dismiss,2025-09-03
90,90,click,2025-09-03
90,153,click,2025-09-03
90,20,dismiss,2025-09-02
90,156,click,2025-09-02
90,84,booking,2025-09-02
90,164,click,2025-09-02
90,108,view,2025-09-02
90,102,dismiss,2025-09-02
90,119,click,2025-09-02
90,129,save,2025-09-02
90,14,click,2025-09-03
90,190,view,2025-09-03
90,131,click,2025-09-02
90,49,click,2025-09-02
90,43,dismiss,2025-09-03
91,93,dismiss,2025-11-29
91,192,view,2025-11-29
91,44,view,2025-11-27
91,158,dismiss,2025-11-29
91,152,dismiss,2025-11-27
91,145,dismiss,2025-11-27
91,135,view,2025-11-28
91,24,dismiss,2025-11-26
91,72,click,2025-11-27
91,55,view,2025-11-27
91,101,dismiss,2025-11-25
91,28,dismiss,2025-11-27
91,169,click,2025-11-29
91,173,save,2025-11-28
91,149,dismiss,2025-11-25
91,94,dismiss,2025-11-28
91,66,dismiss,2025-11-29
91,155,view,2025-11-28
91,65,dismiss,2025-11-25
91,153,click,2025-11-28
92,115,click,2025-11-14
92,17,visit,2025-11-14
92,159,dismiss,2025-11-14
92,73,view,2025-11-14
92,5,dismiss,2025-11-14
92,37,click,2025-11-14
92,41,dismiss,2025-11-16
92,183,view,2025-11-15
92,188,dismiss,2025-11-15
92,158,click,2025-11-16
92,42,view,2025-11-16
92,133,click,2025-11-16
92,12,save,2025-11-16
92,189,dismiss,2025-11-15
92,113,view,2025-11-15
92,84,view,2025-11-16
92,198,click,2025-11-14
92,146,click,2025-11-16
92,120,dismiss,2025-11-15
92,91,view,2025-11-14
93,139,click,2025-12-28
93,100,dismiss,2025-12-26
93,41,dismiss,2025-12-29
93,122,visit,2025-12-27
93,128,click,2025-12-27
93,82,dismiss,2025-12-28
93,46,dismiss,2025-12-27
93,32,click,2025-12-26
93,56,booking,2025-12-26
93,87,view,2025-12-26
93,172,visit,2025-12-27
93,62,view,2025-12-26
93,115,booking,2025-12-28
93,94,save,2025-12-27
93,7,dismiss,2025-12-29
93,173,booking,2025-12-27
93,134,dismiss,2025-12-26
93,84,click,2025-12-26
93,196,visit,2025-12-28
93,181,click,2025-12-28
94,11,click,2025-07-21
94,151,click,2025-07-23
94,60,dismiss,2025-07-19
94,46,dismiss,2025-07-23
94,154,visit,2025-07-20
94,146,save,2025-07-23
94,73,view,2025-07-21
94,120,booking,2025-07-23
94,8,visit,2025-07-19
94,97,click,2025-07-22
94,87,view,2025-07-23
94,3,click,2025-07-23
94,181,dismiss,2025-07-19
94,152,view,2025-07-23
94,41,dismiss,2025-07-20
94,53,view,2025-07-21
94,74,view,2025-07-23
94,123,click,2025-07-19
94,140,dismiss,2025-07-20
94,92,view,2025-07-21
95,171,view,2025-12-17
95,23,view,2025-12-16
95,166,dismiss,2025-12-15
95,12,click,2025-12-16
95,91,click,2025-12-15
95,82,dismiss,2025-12-15
95,75,dismiss,2025-12-15
95,62,view,2025-12-15
95,30,dismiss,2025-12-17
95,51,click,2025-12-17
95,116,click,2025-12-16
95,158,visit,2025-12-15
95,7,booking,2025-12-16
95,129,save,2025-12-15
95,112,click,2025-12-17
95,80,view,2025-12-17
95,179,booking,2025-12-15
95,34,dismiss,2025-12-17
95,72,dismiss,2025-12-16
95,109,save,2025-12-16
96,117,view,2025-01-14
96,143,save,2025-01-14
96,61,view,2025-01-15
96,18,booking,2025-01-15
96,140,dismiss,2025-01-15
96,129,dismiss,2025-01-15
96,7,dismiss,2025-01-16
96,48,view,2025-01-16
96,3,dismiss,2025-01-14
96,104,click,2025-01-16
96,99,view,2025-01-16
96,71,dismiss,2025-01-17
96,171,view,2025-01-17
96,186,click,2025-01-15
96,193,view,2025-01-17
96,146,click,2025-01-15
96,51,click,2025-01-16
96,127,booking,2025-01-17
96,135,click,2025-01-14
96,136,visit,2025-01-14
97,192,click,2025-05-14
97,178,visit,2025-05-13
97,181,view,2025-05-14
97,196,booking,2025-05-15
97,169,dismiss,2025-05-13
97,35,click,2025-05-15
97,132,click,2025-05-15
97,197,view,2025-05-14
97,88,click,2025-05-13
97,126,dismiss,2025-05-13
97,109,click,2025-05-14
97,175,save,2025-05-14
97,134,save,2025-05-14
97,194,dismiss,2025-05-15
97,27,click,2025-05-13
97,54,view,2025-05-15
97,148,view,2025-05-15
97,12,view,2025-05-14
97,70,click,2025-05-13
97,106,dismiss,2025-05-15
98,83,view,2025-01-03
98,15,view,2025-01-04
98,54,click,2025-01-03
98,53,dismiss,2025-01-04
98,99,click,2025-01-03
98,7,click,2025-01-03
98,169,visit,2025-01-04
98,153,dismiss,2025-01-03
98,2,dismiss,2025-01-04
98,92,click,2025-01-04
98,23,click,2025-01-04
98,140,click,2025-01-03
98,4,dismiss,2025-01-04
98,52,booking,2025-01-03
98,193,dismiss,2025-01-04
98,185,view,2025-01-03
98,151,click,2025-01-04
98,177,dismiss,2025-01-03
98,67,visit,2025-01-03
98,71,view,2025-01-03
99,100,dismiss,2025-08-21
99,152,click,2025-08-22
99,147,dismiss,2025-08-23
99,108,visit,2025-08-21
99,52,visit,2025-08-22
99,128,view,2025-08-25
99,185,dismiss,2025-08-21
99,59,save,2025-08-22
99,58,view,2025-08-25
99,87,view,2025-08-24
99,129,dismiss,2025-08-21
99,93,booking,2025-08-24
99,4,save,2025-08-22
99,198,booking,2025-08-22
99,91,click,2025-08-23
99,65,view,2025-08-22
99,177,click,2025-08-23
99,113,view,2025-08-23
99,51,dismiss,2025-08-23
99,146,view,2025-08-23
100,196,view,2025-05-17
100,151,dismiss,2025-05-16
100,127,booking,2025-05-17
100,32,booking,2025-05-17
100,122,dismiss,2025-05-17
100,197,visit,2025-05-17
100,65,view,2025-05-16
100,184,dismiss,2025-05-16
100,144,dismiss,2025-05-17
100,137,dismiss,2025-05-17
100,92,view,2025-05-16
100,10,view,2025-05-17
100,125,click,2025-05-17
100,52,view,2025-05-16
100,84,dismiss,2025-05-16
100,107,save,2025-05-17
100,111,click,2025-05-17
100,72,view,2025-05-17
100,56,dismiss,2025-05-16
100,133,view,2025-05-16
101,83,click,2025-07-07
101,114,click,2025-07-08
101,150,dismiss,2025-07-08
101,180,dismiss,2025-07-07
101,26,view,2025-07-07
101,107,click,2025-07-06
101,113,view,2025-07-07
101,32,dismiss,2025-07-07
101,115,dismiss,2025-07-08
101,20,booking,2025-07-07
101,72,click,2025-07-08
101,100,view,2025-07-06
101,59,save,2025-07-07
101,88,booking,2025-07-07
101,187,save,2025-07-08
101,118,save,2025-07-07
101,93,dismiss,2025-07-06
101,126,booking,2025-07-08
101,90,save,2025-07-06
101,53,view,2025-07-08
102,62,dismiss,2025-01-27
102,193,click,2025-01-24
102,9,dismiss,2025-01-25
102,41,dismiss,2025-01-27
102,4,click,2025-01-24
102,52,click,2025-01-25
102,14,view,2025-01-23
102,27,view,2025-01-25
102,147,booking,2025-01-26
102,120,view,2025-01-24
102,90,view,2025-01-26
102,89,click,2025-01-25
102,151,dismiss,2025-01-26
102,162,dismiss,2025-01-25
102,8,save,2025-01-25
102,153,view,2025-01-24
102,155,view,2025-01-26
102,159,dismiss,2025-01-23
102,18,visit,2025-01-25
102,185,dismiss,2025-01-26
103,123,view,2025-11-05
103,105,click,2025-11-03
103,140,click,2025-11-05
103,34,dismiss,2025-11-04
103,146,booking,2025-11-04
103,29,click,2025-11-03
103,101,dismiss,2025-11-05
103,186,click,2025-11-03
103,118,view,2025-11-03
103,90,view,2025-11-05
103,24,view,2025-11-05
103,183,save,2025-11-05
103,57,click,2025-11-04
103,131,save,2025-11-03
103,156,click,2025-11-03
103,189,click,2025-11-04
103,128,view,2025-11-04
103,136,view,2025-11-04
103,124,click,2025-11-03
103,195,dismiss,2025-11-04
104,135,click,2025-03-12
104,131,click,2025-03-12
104,28,view,2025-03-12
104,103,view,2025-03-11
104,137,dismiss,2025-03-12
104,1,booking,2025-03-11
104,111,booking,2025-03-12
104,74,booking,2025-03-12
104,5,dismiss,2025-03-11
104,168,save,2025-03-12
104,30,dismiss,2025-03-11
104,96,save,2025-03-12
104,107,click,2025-03-11
104,134,dismiss,2025-03-12
104,58,view,2025-03-11
104,165,click,2025-03-12
104,10,visit,2025-03-11
104,97,view,2025-03-12
104,56,visit,2025-03-11
104,14,dismiss,2025-03-11
105,124,view,2025-11-24
105,126,view,2025-11-23
105,132,view,2025-11-23
105,1,visit,2025-11-23
105,144,dismiss,2025-11-23
105,2,click,2025-11-23
105,153,click,2025-11-24
105,3,click,2025-11-24
105,88,dismiss,2025-11-23
105,103,view,2025-11-24
105,190,view,2025-11-24
105,121,view,2025-11-23
105,13,click,2025-11-23
105,62,view,2025-11-23
105,140,click,2025-11-23
105,98,dismiss,2025-11-24
105,99,click,2025-11-23
105,183,view,2025-11-24
105,159,click,2025-11-23
105,178,save,2025-11-23
106,144,view,2025-08-30
106,110,click,2025-09-02
106,72,visit,2025-08-30
106,95,dismiss,2025-08-31
106,29,click,2025-08-30
106,63,click,2025-08-31
106,199,click,2025-08-30
106,179,dismiss,2025-09-02
106,190,click,2025-09-01
106,22,dismiss,2025-09-02
106,70,view,2025-09-02
106,52,dismiss,2025-09-02
106,97,booking,2025-09-01
106,47,click,2025-08-31
106,20,click,2025-08-30
106,126,click,2025-09-01
106,192,view,2025-09-02
106,124,view,2025-09-02
106,58,dismiss,2025-09-02
106,46,dismiss,2025-08-29
107,4,click,2025-09-16
107,68,save,2025-09-16
107,95,dismiss,2025-09-17
107,116,booking,2025-09-16
107,163,view,2025-09-17
107,59,view,2025-09-16
107,169,dismiss,2025-09-18
107,48,dismiss,2025-09-17
107,7,view,2025-09-18
107,11,dismiss,2025-09-18
107,79,click,2025-09-16
107,138,view,2025-09-18
107,49,dismiss,2025-09-18
107,170,visit,2025-09-18
107,58,dismiss,2025-09-18
107,167,booking,2025-09-18
107,71,save,2025-09-18
107,26,click,2025-09-18
107,166,save,2025-09-18
107,106,view,2025-09-16
108,22,dismiss,2025-06-30
108,110,view,2025-06-29
108,87,save,2025-06-28
108,112,dismiss,2025-06-28
108,124,click,2025-06-28
108,91,click,2025-06-28
108,38,view,2025-07-01
108,57,dismiss,2025-06-29
108,151,view,2025-07-01
108,146,booking,2025-06-29
108,70,view,2025-07-02
108,78,dismiss,2025-06-29
108,3,click,2025-07-01
108,45,save,2025-06-29
108,159,view,2025-06-30
108,104,click,2025-07-01
108,24,click,2025-07-02
108,69,dismiss,2025-07-01
108,139,view,2025-06-29
108,190,view,2025-07-02
109,156,dismiss,2025-11-15
109,183,dismiss,2025-11-17
109,193,dismiss,2025-11-17
109,54,dismiss,2025-11-16
109,76,click,2025-11-14
109,177,view,2025-11-16
109,10,booking,2025-11-15
109,17,view,2025-11-17
109,140,view,2025-11-15
109,4,click,2025-11-16
109,41,visit,2025-11-15
109,23,click,2025-11-15
109,178,click,2025-11-16
109,174,view,2025-11-14
109,1,view,2025-11-14
109,25,view,2025-11-14
109,135,dismiss,2025-11-14
109,199,click,2025-11-14
109,184,view,2025-11-15
109,33,visit,2025-11-17
110,135,view,2025-07-09
110,153,dismiss,2025-07-08
110,112,view,2025-07-08
110,19,click,2025-07-08
110,127,click,2025-07-09
110,125,click,2025-07-08
110,186,click,2025-07-09
110,17,click,2025-07-09
110,32,view,2025-07-09
110,78,dismiss,2025-07-09
110,176,dismiss,2025-07-08
110,80,view,2025-07-09
110,129,booking,2025-07-08
110,104,save,2025-07-08
110,37,dismiss,2025-07-09
110,187,click,2025-07-08
110,151,click,2025-07-08
110,24,click,2025-07-09
110,62,click,2025-07-09
110,4,dismiss,2025-07-09
111,36,dismiss,2025-08-31
111,148,view,2025-08-31
111,114,visit,2025-08-31
111,32,click,2025-09-02
111,21,click,2025-09-02
111,53,view,2025-08-30
111,106,view,2025-08-31
111,120,dismiss,2025-08-31
111,71,dismiss,2025-08-30
111,165,save,2025-08-31
111,179,view,2025-09-02
111,182,dismiss,2025-08-31
111,60,view,2025-08-31
111,7,dismiss,2025-08-30
111,118,click,2025-09-02
111,80,dismiss,2025-08-31
111,81,click,2025-08-31
111,158,click,2025-08-31
111,15,view,2025-08-31
111,62,dismiss,2025-09-01
112,179,booking,2025-10-26
112,90,save,2025-10-26
112,18,visit,2025-10-28
112,174,visit,2025-10-27
112,122,view,2025-10-26
112,131,dismiss,2025-10-27
112,169,save,2025-10-27
112,11,click,2025-10-27
112,99,dismiss,2025-10-27
112,171,view,2025-10-28
112,175,click,2025-10-28
112,32,view,2025-10-26
112,63,click,2025-10-28
112,49,dismiss,2025-10-28
112,56,view,2025-10-26
112,151,dismiss,2025-10-26
112,116,dismiss,2025-10-27
112,25,click,2025-10-28
112,137,view,2025-10-28
112,104,dismiss,2025-10-28
113,143,dismiss,2025-11-05
113,148,dismiss,2025-11-06
113,179,dismiss,2025-11-04
113,163,view,2025-11-05
113,190,view,2025-11-06
113,181,click,2025-11-04
113,4,click,2025-11-06
113,182,dismiss,2025-11-04
113,198,click,2025-11-05
113,80,dismiss,2025-11-05
113,13,dismiss,2025-11-06
113,172,view,2025-11-04
113,153,dismiss,2025-11-05
113,138,dismiss,2025-11-05
113,94,dismiss,2025-11-06
113,85,save,2025-11-04
113,35,click,2025-11-04
113,42,dismiss,2025-11-05
113,111,click,2025-11-04
113,72,click,2025-11-05
114,34,dismiss,2025-03-26
114,106,view,2025-03-27
114,186,click,2025-03-26
114,93,dismiss,2025-03-27
114,102,click,2025-03-27
114,95,view,2025-03-26
114,135,view,2025-03-28
114,35,dismiss,2025-03-29
114,48,dismiss,2025-03-28
114,60,view,2025-03-27
114,41,click,2025-03-29
114,77,save,2025-03-29
114,38,dismiss,2025-03-26
114,179,booking,2025-03-26
114,131,view,2025-03-28
114,22,dismiss,2025-03-29
114,70,click,2025-03-28
114,97,view,2025-03-27
114,134,view,2025-03-27
114,79,view,2025-03-26
115,62,save,2025-09-15
115,0,visit,2025-09-15
115,175,save,2025-09-16
115,40,view,2025-09-17
115,33,visit,2025-09-15
115,136,view,2025-09-17
115,199,click,2025-09-15
115,169,view,2025-09-15
115,65,click,2025-09-15
115,85,view,2025-09-16
115,188,dismiss,2025-09-16
115,80,visit,2025-09-16
115,164,booking,2025-09-17
115,151,view,2025-09-17
115,66,view,2025-09-15
115,157,visit,2025-09-16
115,113,save,2025-09-17
115,128,visit,2025-09-17
115,23,view,2025-09-17
115,163,view,2025-09-16
116,97,dismiss,2025-03-02
116,87,booking,2025-03-02
116,98,click,2025-03-03
116,58,dismiss,2025-03-01
116,55,dismiss,2025-03-03
116,130,dismiss,2025-03-02
116,118,booking,2025-03-02
116,132,view,2025-03-03
116,72,click,2025-03-01
116,158,dismiss,2025-03-03
116,83,click,2025-03-02
116,82,view,2025-03-02
116,135,dismiss,2025-03-03
116,4,view,2025-03-01
116,173,view,2025-03-01
116,88,click,2025-03-01
116,76,click,2025-03-03
116,199,visit,2025-03-03
116,71,view,2025-03-02
116,105,click,2025-03-03
117,119,booking,2025-09-25
117,24,dismiss,2025-09-22
117,163,click,2025-09-24
117,85,view,2025-09-22
117,42,click,2025-09-24
117,31,click,2025-09-24
117,132,dismiss,2025-09-22
117,47,dismiss,2025-09-25
117,137,view,2025-09-24
117,191,click,2025-09-25
117,100,click,2025-09-23
117,73,view,2025-09-24
117,113,dismiss,2025-09-24
117,36,view,2025-09-22
117,155,dismiss,2025-09-24
117,54,click,2025-09-23
117,41,click,2025-09-24
117,39,view,2025-09-23
117,0,click,2025-09-23
117,192,dismiss,2025-09-23
118,197,dismiss,2025-04-24
118,145,dismiss,2025-04-26
118,181,click,2025-04-23
118,199,visit,2025-04-25
118,81,booking,2025-04-26
118,39,dismiss,2025-04-26
118,151,view,2025-04-23
118,44,dismiss,2025-04-25
118,142,dismiss,2025-04-25
118,79,dismiss,2025-04-26
118,41,dismiss,2025-04-26
118,91,view,2025-04-23
118,191,click,2025-04-23
118,32,dismiss,2025-04-23
118,96,dismiss,2025-04-26
118,56,view,2025-04-23
118,59,dismiss,2025-04-26
118,73,click,2025-04-26
118,128,dismiss,2025-04-24
118,15,dismiss,2025-04-24
119,77,dismiss,2025-05-15
119,93,booking,2025-05-16
119,165,click,2025-05-16
119,24,view,2025-05-15
119,170,dismiss,2025-05-15
119,119,click,2025-05-15
119,158,dismiss,2025-05-15
119,41,click,2025-05-16
119,34,view,2025-05-15
119,157,dismiss,2025-05-16
119,135,click,2025-05-15
119,68,click,2025-05-16
119,4,dismiss,2025-05-16
119,53,view,2025-05-15
119,199,booking,2025-05-15
119,17,visit,2025-05-15
119,5,visit,2025-05-16
119,106,view,2025-05-15
119,193,view,2025-05-15
119,137,view,2025-05-15
120,54,save,2025-11-13
120,134,booking,2025-11-13
120,80,click,2025-11-10
120,63,click,2025-11-12
120,75,click,2025-11-10
120,19,view,2025-11-14
120,162,save,2025-11-11
120,89,click,2025-11-13
120,11,dismiss,2025-11-13
120,161,view,2025-11-14
120,1,click,2025-11-14
120,135,dismiss,2025-11-11
120,83,save,2025-11-11
120,183,visit,2025-11-11
120,25,dismiss,2025-11-12
120,46,save,2025-11-14
120,105,view,2025-11-10
120,155,click,2025-11-10
120,96,click,2025-11-14
120,35,dismiss,2025-11-11
121,108,click,2025-12-02
121,171,visit,2025-12-02
121,159,visit,2025-12-02
121,112,click,2025-12-03
121,188,click,2025-12-03
121,132,click,2025-12-02
121,199,dismiss,2025-12-02
121,79,view,2025-12-02
121,65,click,2025-12-02
121,190,click,2025-12-03
121,90,view,2025-12-02
121,137,view,2025-12-03
121,107,save,2025-12-03
121,0,visit,2025-12-02
121,24,click,2025-12-02
121,149,visit,2025-12-02
121,55,save,2025-12-02
121,26,booking,2025-12-03
121,140,dismiss,2025-12-03
121,151,click,2025-12-03
122,35,save,2025-04-09
122,7,click,2025-04-09
122,163,view,2025-04-09
122,101,dismiss,2025-04-09
122,80,click,2025-04-10
122,140,view,2025-04-10
122,26,view,2025-04-08
122,158,click,2025-04-11
122,176,save,2025-04-09
122,9,view,2025-04-11
122,99,visit,2025-04-08
122,70,dismiss,2025-04-11
122,173,visit,2025-04-09
122,88,booking,2025-04-11
122,30,click,2025-04-10
122,138,visit,2025-04-10
122,116,view,2025-04-09
122,162,click,2025-04-10
122,106,view,2025-04-08
122,43,view,2025-04-08
123,176,view,2025-07-19
123,120,booking,2025-07-17
123,127,click,2025-07-17
123,199,view,2025-07-19
123,113,click,2025-07-18
123,104,click,2025-07-18
123,188,dismiss,2025-07-19
123,102,dismiss,2025-07-19
123,40,dismiss,2025-07-19
123,80,click,2025-07-19
123,139,view,2025-07-17
123,105,dismiss,2025-07-18
123,97,dismiss,2025-07-19
123,78,click,2025-07-19
123,191,booking,2025-07-19
123,33,dismiss,2025-07-17
123,72,booking,2025-07-17
123,58,view,2025-07-17
123,27,click,2025-07-19
123,45,dismiss,2025-07-19
124,174,click,2025-06-12
124,24,view,2025-06-14
124,93,dismiss,2025-06-13
124,33,dismiss,2025-06-13
124,37,visit,2025-06-14
124,106,dismiss,2025-06-12
124,103,dismiss,2025-06-13
124,108,dismiss,2025-06-14
124,21,save,2025-06-13
124,66,dismiss,2025-06-14
124,10,click,2025-06-12
124,26,click,2025-06-12
124,192,dismiss,2025-06-14
124,146,visit,2025-06-14
124,178,click,2025-06-12
124,17,dismiss,2025-06-12
124,163,view,2025-06-14
124,51,view,2025-06-12
124,14,dismiss,2025-06-12
124,161,click,2025-06-12
125,100,click,2025-08-23
125,146,booking,2025-08-23
125,39,click,2025-08-24
125,74,dismiss,2025-08-23
125,126,view,2025-08-24
125,163,visit,2025-08-23
125,98,click,2025-08-23
125,12,save,2025-08-22
125,20,visit,2025-08-22
125,49,save,2025-08-23
125,152,click,2025-08-23
125,187,dismiss,2025-08-22
125,148,dismiss,2025-08-23
125,176,booking,2025-08-22
125,64,dismiss,2025-08-24
125,26,click,2025-08-23
125,196,view,2025-08-23
125,173,booking,2025-08-24
125,178,booking,2025-08-23
125,118,dismiss,2025-08-23
126,52,dismiss,2025-06-30
126,159,view,2025-06-30
126,189,view,2025-06-30
126,169,click,2025-06-30
126,25,visit,2025-06-29
126,57,click,2025-06-30
126,11,booking,2025-06-29
126,119,visit,2025-06-29
126,77,click,2025-06-29
126,186,click,2025-06-29
126,133,dismiss,2025-06-29
126,12,dismiss,2025-06-30
126,128,view,2025-06-30
126,17,view,2025-06-29
126,92,view,2025-06-30
126,149,click,2025-06-30
126,198,view,2025-06-30
126,21,view,2025-06-29
126,91,click,2025-06-29
126,61,click,2025-06-30
127,70,click,2025-09-12
127,129,view,2025-09-11
127,21,view,2025-09-11
127,121,view,2025-09-11
127,76,dismiss,2025-09-10
127,182,click,2025-09-11
127,103,view,2025-09-11
127,25,dismiss,2025-09-12
127,196,view,2025-09-12
127,130,click,2025-09-10
127,134,click,2025-09-11
127,81,dismiss,2025-09-13
127,165,booking,2025-09-10
127,34,click,2025-09-10
127,87,dismiss,2025-09-10
127,194,dismiss,2025-09-10
127,106,view,2025-09-10
127,189,booking,2025-09-13
127,35,view,2025-09-10
127,24,dismiss,2025-09-12
128,112,visit,2025-01-16
128,93,click,2025-01-15
128,90,dismiss,2025-01-15
128,167,view,2025-01-12
128,89,click,2025-01-15
128,189,save,2025-01-16
128,98,booking,2025-01-12
128,62,booking,2025-01-12
128,37,visit,2025-01-13
128,22,visit,2025-01-15
128,10,dismiss,2025-01-16
128,184,click,2025-01-16
128,160,dismiss,2025-01-15
128,142,view,2025-01-14
128,88,click,2025-01-14
128,13,click,2025-01-13
128,125,view,2025-01-16
128,178,click,2025-01-14
128,34,view,2025-01-15
128,54,click,2025-01-14
129,42,view,2025-07-22
129,129,dismiss,2025-07-24
129,51,dismiss,2025-07-22
129,103,visit,2025-07-22
129,64,view,2025-07-22
129,25,dismiss,2025-07-22
129,189,visit,2025-07-22
129,38,click,2025-07-24
129,47,click,2025-07-24
129,185,view,2025-07-22
129,177,view,2025-07-23
129,68,click,2025-07-23
129,104,click,2025-07-24
129,132,dismiss,2025-07-22
129,113,click,2025-07-24
129,79,visit,2025-07-22
129,148,view,2025-07-24
129,18,dismiss,2025-07-23
129,9,view,2025-07-22
129,124,dismiss,2025-07-22
130,165,click,2025-05-25
130,164,view,2025-05-26
130,38,view,2025-05-27
130,76,dismiss,2025-05-27
130,194,dismiss,2025-05-27
130,33,view,2025-05-25
130,99,save,2025-05-27
130,72,dismiss,2025-05-26
130,160,save,2025-05-25
130,158,dismiss,2025-05-26
130,9,click,2025-05-27
130,148,dismiss,2025-05-27
130,85,view,2025-05-27
130,82,dismiss,2025-05-25
130,133,click,2025-05-27
130,92,booking,2025-05-27
130,196,click,2025-05-26
130,114,click,2025-05-27
130,24,click,2025-05-26
130,150,view,2025-05-25
131,166,save,2025-08-10
131,183,save,2025-08-09
131,113,view,2025-08-11
131,100,click,2025-08-11
131,6,visit,2025-08-12
131,69,save,2025-08-10
131,5,dismiss,2025-08-10
131,193,view,2025-08-10
131,90,view,2025-08-09
131,48,dismiss,2025-08-11
131,114,click,2025-08-10
131,71,visit,2025-08-12
131,81,click,2025-08-11
131,96,booking,2025-08-10
131,0,dismiss,2025-08-10
131,175,dismiss,2025-08-12
131,103,visit,2025-08-12
131,112,dismiss,2025-08-12
131,63,save,2025-08-11
131,50,click,2025-08-10
132,194,click,2025-12-21
132,137,view,2025-12-20
132,109,click,2025-12-21
132,88,click,2025-12-20
132,33,click,2025-12-20
132,195,dismiss,2025-12-20
132,87,view,2025-12-21
132,159,click,2025-12-20
132,53,view,2025-12-21
132,61,view,2025-12-21
132,140,view,2025-12-20
132,123,click,2025-12-21
132,126,dismiss,2025-12-21
132,173,save,2025-12-21
132,152,dismiss,2025-12-20
132,36,view,2025-12-20
132,115,dismiss,2025-12-20
132,85,click,2025-12-20
132,144,view,2025-12-20
132,161,view,2025-12-20
133,31,click,2025-12-31
133,177,save,2025-12-31
133,9,view,2025-12-31
133,17,click,2025-12-30
133,148,dismiss,2025-12-31
133,196,save,2026-01-01
133,163,dismiss,2026-01-02
133,126,dismiss,2025-12-31
133,80,view,2025-12-31
133,150,dismiss,2026-01-01
133,173,save,2026-01-01
133,122,view,2025-12-30
133,129,booking,2025-12-30
133,153,dismiss,2025-12-30
133,2,click,2026-01-02
133,117,click,2025-12-31
133,83,save,2025-12-31
133,41,dismiss,2025-12-31
133,22,view,2025-12-31
133,197,click,2025-12-30
134,36,view,2025-11-03
134,167,click,2025-11-03
134,49,dismiss,2025-11-03
134,158,view,2025-11-05
134,99,booking,2025-11-03
134,97,click,2025-11-04
134,61,booking,2025-11-03
134,120,view,2025-11-03
134,66,view,2025-11-05
134,40,dismiss,2025-11-03
134,162,click,2025-11-03
134,140,dismiss,2025-11-05
134,13,click,2025-11-03
134,3,view,2025-11-05
134,55,view,2025-11-03
134,175,view,2025-11-04
134,137,dismiss,2025-11-05
134,34,save,2025-11-03
134,19,view,2025-11-04
134,15,view,2025-11-04
135,66,click,2025-11-11
135,181,view,2025-11-10
135,61,save,2025-11-12
135,137,view,2025-11-11
135,35,visit,2025-11-10
135,57,click,2025-11-09
135,182,click,2025-11-12
135,17,view,2025-11-09
135,80,save,2025-11-12
135,23,view,2025-11-11
135,94,click,2025-11-09
135,87,click,2025-11-09
135,129,click,2025-11-10
135,97,view,2025-11-12
135,14,view,2025-11-12
135,92,view,2025-11-09
135,143,click,2025-11-10
135,67,click,2025-11-11
135,82,dismiss,2025-11-11
135,187,view,2025-11-11
136,72,click,2025-08-27
136,11,view,2025-08-27
136,177,click,2025-08-25
136,172,view,2025-08-27
136,157,click,2025-08-27
136,120,view,2025-08-25
136,69,click,2025-08-26
136,153,view,2025-08-26
136,162,booking,2025-08-26
136,182,dismiss,2025-08-27
136,31,click,2025-08-25
136,197,view,2025-08-27
136,142,dismiss,2025-08-26
136,90,booking,2025-08-25
136,188,view,2025-08-25
136,193,dismiss,2025-08-25
136,46,click,2025-08-25
136,196,dismiss,2025-08-25
136,50,view,2025-08-25
136,35,dismiss,2025-08-27
137,36,save,2025-10-29
137,80,dismiss,2025-10-28
137,79,view,2025-10-30
137,2,view,2025-10-29
137,6,dismiss,2025-10-28
137,179,dismiss,2025-10-30
137,58,view,2025-10-29
137,96,click,2025-10-28
137,157,dismiss,2025-10-28
137,90,click,2025-10-29
137,31,view,2025-10-30
137,184,view,2025-10-28
137,82,click,2025-10-28
137,76,dismiss,2025-10-30
137,140,dismiss,2025-10-29
137,8,dismiss,2025-10-28
137,73,view,2025-10-29
137,24,view,2025-10-28
137,155,visit,2025-10-28
137,183,visit,2025-10-30
138,40,save,2025-05-14
138,50,dismiss,2025-05-15
138,0,click,2025-05-14
138,154,dismiss,2025-05-13
138,81,dismiss,2025-05-14
138,3,click,2025-05-14
138,97,booking,2025-05-13
138,113,visit,2025-05-13
138,45,view,2025-05-14
138,34,click,2025-05-14
138,70,dismiss,2025-05-14
138,59,visit,2025-05-14
138,48,booking,2025-05-15
138,42,save,2025-05-14
138,162,click,2025-05-13
138,148,view,2025-05-15
138,71,dismiss,2025-05-13
138,25,view,2025-05-13
138,182,click,2025-05-15
138,82,visit,2025-05-15
139,172,view,2025-05-28
139,11,click,2025-05-28
139,187,dismiss,2025-05-28
139,141,view,2025-05-26
139,6,click,2025-05-27
139,52,booking,2025-05-28
139,15,click,2025-05-27
139,94,dismiss,2025-05-28
139,161,booking,2025-05-28
139,119,booking,2025-05-25
139,196,save,2025-05-28
139,24,dismiss,2025-05-28
139,57,dismiss,2025-05-28
139,10,click,2025-05-25
139,179,save,2025-05-28
139,59,click,2025-05-28
139,198,dismiss,2025-05-27
139,1,view,2025-05-28
139,47,view,2025-05-26
139,132,view,2025-05-28
140,97,click,2025-03-30
140,1,visit,2025-04-01
140,47,dismiss,2025-04-02
140,199,visit,2025-04-03
140,73,click,2025-04-01
140,163,save,2025-04-01
140,78,dismiss,2025-04-02
140,46,click,2025-03-30
140,64,save,2025-03-30
140,130,click,2025-03-31
140,0,view,2025-04-01
140,4,save,2025-03-30
140,137,view,2025-03-30
140,30,view,2025-04-03
140,187,click,2025-03-31
140,114,click,2025-04-02
140,180,dismiss,2025-04-03
140,150,view,2025-04-03
140,165,click,2025-03-31
140,136,save,2025-04-01
141,183,booking,2025-04-04
141,152,dismiss,2025-04-04
141,10,click,2025-04-06
141,17,view,2025-04-05
141,169,visit,2025-04-04
141,93,dismiss,2025-04-05
141,15,visit,2025-04-06
141,66,click,2025-04-05
141,104,click,2025-04-05
141,146,view,2025-04-05
141,69,dismiss,2025-04-05
141,123,view,2025-04-05
141,175,dismiss,2025-04-05
141,78,click,2025-04-06
141,171,view,2025-04-04
141,99,click,2025-04-06
141,65,view,2025-04-06
141,14,save,2025-04-06
141,58,dismiss,2025-04-05
141,172,view,2025-04-05
142,110,view,2025-05-19
142,105,click,2025-05-20
142,69,view,2025-05-20
142,75,dismiss,2025-05-21
142,136,dismiss,2025-05-19
142,8,view,2025-05-19
142,9,view,2025-05-19
142,199,save,2025-05-19
142,134,view,2025-05-21
142,167,view,2025-05-21
142,156,view,2025-05-21
142,103,click,2025-05-20
142,63,click,2025-05-20
142,85,dismiss,2025-05-20
142,24,click,2025-05-19
142,151,view,2025-05-21
142,148,click,2025-05-19
142,30,dismiss,2025-05-21
142,171,view,2025-05-19
142,186,view,2025-05-19
143,199,dismiss,2025-08-26
143,181,dismiss,2025-08-26
143,21,view,2025-08-26
143,119,view,2025-08-26
143,124,click,2025-08-26
143,97,view,2025-08-26
143,69,click,2025-08-26
143,159,click,2025-08-27
143,47,click,2025-08-27
143,36,view,2025-08-27
143,60,click,2025-08-26
143,132,dismiss,2025-08-26
143,179,save,2025-08-26
143,94,click,2025-08-26
143,157,view,2025-08-26
143,35,click,2025-08-26
143,61,view,2025-08-26
143,113,booking,2025-08-26
143,186,view,2025-08-26
143,55,click,2025-08-26
144,48,view,2025-03-07
144,46,view,2025-03-07
144,130,click,2025-03-09
144,168,view,2025-03-07
144,37,click,2025-03-08
144,190,view,2025-03-07
144,174,save,2025-03-07
144,109,dismiss,2025-03-09
144,92,click,2025-03-08
144,149,save,2025-03-09
144,4,view,2025-03-07
144,161,dismiss,2025-03-08
144,10,visit,2025-03-07
144,199,view,2025-03-08
144,68,view,2025-03-09
144,38,booking,2025-03-07
144,40,dismiss,2025-03-08
144,119,dismiss,2025-03-09
144,35,booking,2025-03-08
144,94,dismiss,2025-03-09
145,139,click,2025-11-06
145,7,view,2025-11-06
145,6,dismiss,2025-11-05
145,47,click,2025-11-05
145,135,click,2025-11-05
145,102,view,2025-11-05
145,52,view,2025-11-05
145,94,visit,2025-11-06
145,45,booking,2025-11-05
145,162,view,2025-11-05
145,10,view,2025-11-05
145,161,visit,2025-11-05
145,192,dismiss,2025-11-06
145,177,click,2025-11-06
145,166,save,2025-11-06
145,16,click,2025-11-06
145,99,click,2025-11-06
145,31,dismiss,2025-11-05
145,1,dismiss,2025-11-06
145,48,view,2025-11-05
146,156,dismiss,2025-02-18
146,136,click,2025-02-18
146,173,dismiss,2025-02-19
146,65,dismiss,2025-02-20
146,134,view,2025-02-20
146,18,click,2025-02-18
146,69,dismiss,2025-02-19
146,170,view,2025-02-20
146,124,view,2025-02-20
146,193,view,2025-02-20
146,183,visit,2025-02-18
146,165,dismiss,2025-02-20
146,39,view,2025-02-18
146,22,view,2025-02-19
146,184,view,2025-02-18
146,148,dismiss,2025-02-20
146,43,click,2025-02-20
146,81,dismiss,2025-02-20
146,111,save,2025-02-19
146,99,save,2025-02-20
147,67,view,2025-03-26
147,190,dismiss,2025-03-27
147,100,dismiss,2025-03-29
147,8,click,2025-03-29
147,39,click,2025-03-26
147,135,click,2025-03-26
147,59,click,2025-03-27
147,101,dismiss,2025-03-27
147,64,click,2025-03-27
147,126,click,2025-03-27
147,65,click,2025-03-28
147,99,click,2025-03-29
147,143,click,2025-03-27
147,37,visit,2025-03-29
147,69,dismiss,2025-03-27
147,76,dismiss,2025-03-28
147,114,view,2025-03-27
147,4,view,2025-03-26
147,115,click,2025-03-27
147,158,view,2025-03-27
148,184,view,2025-05-15
148,168,click,2025-05-15
148,157,click,2025-05-16
148,28,click,2025-05-15
148,2,view,2025-05-16
148,190,dismiss,2025-05-16
148,19,click,2025-05-16
148,188,view,2025-05-16
148,51,view,2025-05-15
148,26,view,2025-05-15
148,14,visit,2025-05-16
148,136,booking,2025-05-16
148,132,view,2025-05-16
148,165,click,2025-05-16
148,149,click,2025-05-16
148,101,dismiss,2025-05-16
148,41,dismiss,2025-05-16
148,180,view,2025-05-15
148,117,click,2025-05-15
148,182,view,2025-05-16
149,27,click,2025-11-07
149,164,dismiss,2025-11-08
149,10,view,2025-11-09
149,94,click,2025-11-05
149,135,click,2025-11-06
149,148,view,2025-11-09
149,56,dismiss,2025-11-06
149,35,dismiss,2025-11-09
149,43,click,2025-11-07
149,78,view,2025-11-07
149,36,dismiss,2025-11-06
149,140,click,2025-11-09
149,130,dismiss,2025-11-05
149,111,view,2025-11-08
149,104,click,2025-11-09
149,4,view,2025-11-09
149,191,dismiss,2025-11-06
149,187,dismiss,2025-11-07
149,52,dismiss,2025-11-06
149,17,view,2025-11-08
150,0,view,2025-08-21
150,9,dismiss,2025-08-22
150,94,view,2025-08-22
150,124,click,2025-08-22
150,118,click,2025-08-22
150,171,click,2025-08-21
150,197,view,2025-08-21
150,32,click,2025-08-22
150,147,dismiss,2025-08-21
150,49,dismiss,2025-08-22
150,87,dismiss,2025-08-22
150,30,dismiss,2025-08-21
150,169,dismiss,2025-08-22
150,74,booking,2025-08-21
150,23,dismiss,2025-08-22
150,126,booking,2025-08-22
150,42,view,2025-08-22
150,92,click,2025-08-22
150,69,view,2025-08-21
150,134,booking,2025-08-22
151,78,click,2025-10-31
151,101,save,2025-10-31
151,170,view,2025-10-28
151,48,click,2025-10-30
151,91,view,2025-10-29
151,18,click,2025-10-28
151,148,click,2025-10-30
151,73,click,2025-10-31
151,17,view,2025-10-30
151,132,view,2025-10-28
151,87,save,2025-10-29
151,4,view,2025-10-31
151,41,dismiss,2025-10-31
151,196,click,2025-10-28
151,119,click,2025-10-28
151,138,view,2025-10-30
151,128,dismiss,2025-10-29
151,153,dismiss,2025-10-30
151,92,dismiss,2025-10-29
151,61,view,2025-10-30
152,40,visit,2025-03-30
152,3,click,2025-03-30
152,24,click,2025-03-30
152,93,click,2025-03-30
152,157,click,2025-03-28
152,153,view,2025-03-30
152,72,booking,2025-03-27
152,125,dismiss,2025-03-27
152,78,booking,2025-03-27
152,167,dismiss,2025-03-31
152,114,click,2025-03-31
152,102,click,2025-03-30
152,18,view,2025-03-27
152,175,click,2025-03-28
152,185,dismiss,2025-03-27
152,85,dismiss,2025-03-28
152,188,view,2025-03-28
152,53,click,2025-03-31
152,152,dismiss,2025-03-29
152,172,view,2025-03-29
153,46,view,2025-10-25
153,141,click,2025-10-23
153,169,visit,2025-10-25
153,28,save,2025-10-24
153,160,view,2025-10-25
153,76,view,2025-10-22
153,152,dismiss,2025-10-23
153,18,dismiss,2025-10-25
153,77,dismiss,2025-10-22
153,122,visit,2025-10-25
153,111,dismiss,2025-10-21
153,9,click,2025-10-21
153,47,view,2025-10-25
153,147,dismiss,2025-10-23
153,2,view,2025-10-22
153,126,dismiss,2025-10-25
153,118,view,2025-10-24
153,131,click,2025-10-25
153,104,view,2025-10-22
153,87,click,2025-10-25
154,189,dismiss,2025-03-12
154,145,dismiss,2025-03-13
154,104,dismiss,2025-03-14
154,150,view,2025-03-14
154,197,dismiss,2025-03-12
154,44,view,2025-03-13
154,55,view,2025-03-13
154,112,dismiss,2025-03-12
154,192,view,2025-03-15
154,0,view,2025-03-13
154,100,dismiss,2025-03-14
154,164,dismiss,2025-03-14
154,94,view,2025-03-15
154,107,click,2025-03-12
154,5,dismiss,2025-03-13
154,153,dismiss,2025-03-14
154,129,click,2025-03-15
154,48,click,2025-03-14
154,176,click,2025-03-15
154,152,click,2025-03-14
155,72,save,2025-06-24
155,179,click,2025-06-25
155,128,click,2025-06-27
155,109,dismiss,2025-06-23
155,39,view,2025-06-23
155,125,save,2025-06-27
155,196,visit,2025-06-24
155,113,dismiss,2025-06-24
155,112,click,2025-06-24
155,63,click,2025-06-23
155,81,click,2025-06-27
155,170,dismiss,2025-06-26
155,62,view,2025-06-26
155,135,view,2025-06-24
155,133,click,2025-06-27
155,177,click,2025-06-25
155,43,click,2025-06-23
155,100,dismiss,2025-06-25
155,56,dismiss,2025-06-26
155,183,dismiss,2025-06-24
156,150,dismiss,2025-03-18
156,194,dismiss,2025-03-18
156,80,visit,2025-03-17
156,0,booking,2025-03-17
156,1,view,2025-03-15
156,4,view,2025-03-15
156,19,click,2025-03-18
156,184,view,2025-03-17
156,100,dismiss,2025-03-18
156,52,dismiss,2025-03-15
156,195,view,2025-03-18
156,143,view,2025-03-17
156,179,dismiss,2025-03-18
156,153,click,2025-03-18
156,116,dismiss,2025-03-16
156,176,click,2025-03-17
156,115,visit,2025-03-15
156,17,booking,2025-03-17
156,46,click,2025-03-15
156,128,save,2025-03-16
157,57,view,2025-06-06
157,98,click,2025-06-06
157,88,click,2025-06-06
157,35,save,2025-06-05
157,18,booking,2025-06-06
157,146,dismiss,2025-06-05
157,40,view,2025-06-06
157,41,view,2025-06-05
157,80,visit,2025-06-06
157,96,dismiss,2025-06-06
157,46,dismiss,2025-06-05
157,126,click,2025-06-05
157,124,view,2025-06-05
157,186,click,2025-06-06
157,110,view,2025-06-06
157,49,view,2025-06-06
157,16,dismiss,2025-06-06
157,129,dismiss,2025-06-06
157,34,click,2025-06-05
157,47,dismiss,2025-06-05
158,135,dismiss,2025-01-16
158,110,visit,2025-01-16
158,127,booking,2025-01-20
158,29,dismiss,2025-01-17
158,154,dismiss,2025-01-17
158,19,view,2025-01-18
158,81,dismiss,2025-01-17
158,100,click,2025-01-18
158,166,view,2025-01-16
158,38,booking,2025-01-16
158,133,view,2025-01-17
158,96,click,2025-01-18
158,158,click,2025-01-19
158,104,booking,2025-01-20
158,139,click,2025-01-18
158,91,dismiss,2025-01-17
158,92,view,2025-01-18
158,80,save,2025-01-18
158,47,visit,2025-01-20
158,187,booking,2025-01-18
159,31,view,2025-08-27
159,84,click,2025-08-27
159,159,booking,2025-08-26
159,42,visit,2025-08-27
159,3,dismiss,2025-08-26
159,0,dismiss,2025-08-27
159,116,view,2025-08-28
159,179,dismiss,2025-08-28
159,139,view,2025-08-28
159,49,view,2025-08-27
159,86,dismiss,2025-08-28
159,47,booking,2025-08-26
159,10,click,2025-08-26
159,15,dismiss,2025-08-26
159,121,click,2025-08-26
159,166,view,2025-08-28
159,44,click,2025-08-26
159,158,dismiss,2025-08-27
159,122,save,2025-08-26
159,132,dismiss,2025-08-26
160,186,view,2025-05-22
160,144,dismiss,2025-05-22
160,53,view,2025-05-23
160,116,click,2025-05-21
160,193,click,2025-05-22
160,74,click,2025-05-22
160,151,click,2025-05-22
160,118,booking,2025-05-22
160,69,dismiss,2025-05-23
160,146,dismiss,2025-05-23
160,38,view,2025-05-21
160,8,click,2025-05-23
160,66,view,2025-05-22
160,1,click,2025-05-22
160,168,click,2025-05-22
160,117,click,2025-05-23
160,122,view,2025-05-22
160,27,dismiss,2025-05-21
160,163,view,2025-05-23
160,12,click,2025-05-23
161,107,save,2025-09-24
161,135,dismiss,2025-09-24
161,131,click,2025-09-24
161,89,click,2025-09-25
161,180,view,2025-09-24
161,36,visit,2025-09-24
161,124,view,2025-09-24
161,49,dismiss,2025-09-24
161,140,view,2025-09-24
161,104,view,2025-09-25
161,190,click,2025-09-25
161,174,save,2025-09-24
161,156,click,2025-09-25
161,109,booking,2025-09-24
161,81,dismiss,2025-09-24
161,55,click,2025-09-24
161,71,click,2025-09-25
161,33,click,2025-09-25
161,75,dismiss,2025-09-25
161,160,click,2025-09-25
162,107,dismiss,2025-07-29
162,76,click,2025-07-29
162,176,dismiss,2025-07-29
162,64,view,2025-07-29
162,197,click,2025-07-30
162,66,click,2025-07-28
162,45,click,2025-07-30
162,63,click,2025-07-29
162,143,click,2025-07-30
162,41,click,2025-07-28
162,144,dismiss,2025-07-28
162,154,click,2025-07-29
162,184,view,2025-07-28
162,73,view,2025-07-28
162,43,click,2025-07-30
162,71,click,2025-07-29
162,74,dismiss,2025-07-28
162,114,click,2025-07-28
162,102,view,2025-07-29
162,52,click,2025-07-28
163,58,dismiss,2025-10-28
163,163,dismiss,2025-10-30
163,121,visit,2025-10-30
163,29,click,2025-10-27
163,16,click,2025-10-29
163,115,click,2025-10-28
163,147,click,2025-10-30
163,184,save,2025-10-27
163,56,view,2025-10-31
163,15,click,2025-10-30
163,193,click,2025-10-27
163,118,click,2025-10-27
163,102,click,2025-10-30
163,113,dismiss,2025-10-31
163,130,view,2025-10-31
163,152,view,2025-10-27
163,156,view,2025-10-29
163,59,save,2025-10-31
163,105,dismiss,2025-10-30
163,141,view,2025-10-28
164,145,click,2025-08-11
164,99,click,2025-08-11
164,13,click,2025-08-11
164,108,view,2025-08-11
164,78,view,2025-08-11
164,47,dismiss,2025-08-11
164,111,visit,2025-08-10
164,80,click,2025-08-10
164,42,booking,2025-08-10
164,55,click,2025-08-10
164,174,view,2025-08-10
164,2,click,2025-08-11
164,48,click,2025-08-11
164,31,view,2025-08-11
164,22,click,2025-08-10
164,57,view,2025-08-10
164,190,click,2025-08-10
164,112,visit,2025-08-10
164,88,view,2025-08-10
164,103,dismiss,2025-08-11
165,29,click,2025-11-05
165,64,click,2025-11-05
165,179,click,2025-11-05
165,40,visit,2025-11-05
165,84,save,2025-11-06
165,93,view,2025-11-04
165,58,dismiss,2025-11-04
165,139,dismiss,2025-11-04
165,9,click,2025-11-05
165,85,dismiss,2025-11-05
165,194,dismiss,2025-11-03
165,48,click,2025-11-05
165,142,click,2025-11-04
165,59,dismiss,2025-11-03
165,69,dismiss,2025-11-06
165,12,dismiss,2025-11-05
165,74,click,2025-11-04
165,197,dismiss,2025-11-05
165,13,view,2025-11-03
165,52,click,2025-11-03
166,37,click,2025-06-02
166,121,dismiss,2025-06-03
166,3,view,2025-06-02
166,103,save,2025-06-03
166,197,view,2025-06-03
166,169,save,2025-06-03
166,167,dismiss,2025-06-02
166,64,click,2025-06-03
166,84,view,2025-06-03
166,158,save,2025-06-02
166,87,save,2025-06-03
166,78,save,2025-06-03
166,110,click,2025-06-02
166,122,click,2025-06-02
166,72,save,2025-06-03
166,86,visit,2025-06-02
166,138,view,2025-06-03
166,161,dismiss,2025-06-03
166,184,save,2025-06-03
166,94,booking,2025-06-03
167,68,view,2025-11-19
167,184,visit,2025-11-18
167,146,save,2025-11-18
167,116,click,2025-11-19
167,164,dismiss,2025-11-18
167,33,click,2025-11-18
167,25,save,2025-11-18
167,67,click,2025-11-18
167,23,click,2025-11-19
167,133,view,2025-11-19
167,45,dismiss,2025-11-19
167,96,save,2025-11-18
167,75,view,2025-11-19
167,153,click,2025-11-18
167,78,click,2025-11-18
167,156,dismiss,2025-11-18
167,171,view,2025-11-19
167,192,click,2025-11-19
167,186,click,2025-11-19
167,38,view,2025-11-18
168,36,view,2025-04-21
168,82,view,2025-04-22
168,74,dismiss,2025-04-19
168,40,click,2025-04-21
168,72,dismiss,2025-04-20
168,87,click,2025-04-20
168,93,view,2025-04-22
168,111,booking,2025-04-19
168,167,click,2025-04-21
168,53,click,2025-04-19
168,43,dismiss,2025-04-22
168,122,view,2025-04-22
168,159,view,2025-04-22
168,55,view,2025-04-22
168,9,dismiss,2025-04-20
168,12,click,2025-04-22
168,124,click,2025-04-22
168,67,dismiss,2025-04-19
168,199,click,2025-04-21
168,52,booking,2025-04-19
169,142,click,2025-04-27
169,65,click,2025-04-26
169,81,dismiss,2025-04-26
169,17,booking,2025-04-28
169,38,view,2025-04-26
169,85,click,2025-04-27
169,152,view,2025-04-28
169,170,dismiss,2025-04-28
169,147,view,2025-04-28
169,19,dismiss,2025-04-27
169,52,visit,2025-04-26
169,66,view,2025-04-28
169,182,view,2025-04-27
169,41,dismiss,2025-04-28
169,116,booking,2025-04-27
169,89,click,2025-04-26
169,186,dismiss,2025-04-28
169,70,view,2025-04-28
169,33,click,2025-04-27
169,1,dismiss,2025-04-26
170,57,dismiss,2025-06-09
170,196,dismiss,2025-06-08
170,125,view,2025-06-08
170,164,view,2025-06-07
170,93,booking,2025-06-09
170,124,view,2025-06-06
170,167,view,2025-06-07
170,163,view,2025-06-08
170,85,click,2025-06-09
170,114,view,2025-06-07
170,68,view,2025-06-06
170,127,click,2025-06-09
170,174,click,2025-06-09
170,17,dismiss,2025-06-06
170,103,dismiss,2025-06-06
170,168,click,2025-06-06
170,152,dismiss,2025-06-09
170,106,click,2025-06-06
170,116,booking,2025-06-08
170,39,booking,2025-06-06
171,120,view,2025-10-20
171,183,view,2025-10-20
171,52,click,2025-10-20
171,113,click,2025-10-20
171,117,dismiss,2025-10-20
171,177,dismiss,2025-10-21
171,118,click,2025-10-21
171,175,dismiss,2025-10-21
171,131,dismiss,2025-10-21
171,93,save,2025-10-20
171,9,visit,2025-10-21
171,107,dismiss,2025-10-20
171,85,click,2025-10-21
171,189,view,2025-10-20
171,151,view,2025-10-21
171,112,visit,2025-10-20
171,98,click,2025-10-20
171,133,visit,2025-10-20
171,79,click,2025-10-21
171,126,view,2025-10-20
172,85,dismiss,2025-03-08
172,112,dismiss,2025-03-09
172,105,view,2025-03-08
172,195,click,2025-03-09
172,76,click,2025-03-08
172,154,click,2025-03-10
172,75,click,2025-03-08
172,141,view,2025-03-10
172,161,click,2025-03-10
172,19,dismiss,2025-03-10
172,59,booking,2025-03-09
172,9,view,2025-03-08
172,104,save,2025-03-10
172,177,dismiss,2025-03-10
172,91,click,2025-03-10
172,131,view,2025-03-10
172,142,dismiss,2025-03-10
172,113,click,2025-03-08
172,127,view,2025-03-10
172,121,click,2025-03-09
173,36,dismiss,2025-06-17
173,3,dismiss,2025-06-16
173,133,click,2025-06-13
173,132,view,2025-06-17
173,106,dismiss,2025-06-17
173,139,dismiss,2025-06-15
173,157,dismiss,2025-06-16
173,47,save,2025-06-16
173,196,dismiss,2025-06-14
173,118,view,2025-06-14
173,180,view,2025-06-13
173,111,view,2025-06-16
173,137,view,2025-06-15
173,136,view,2025-06-15
173,87,dismiss,2025-06-15
173,34,dismiss,2025-06-17
173,90,dismiss,2025-06-15
173,76,click,2025-06-16
173,48,view,2025-06-14
173,13,click,2025-06-16
174,90,dismiss,2025-05-30
174,26,view,2025-05-30
174,193,dismiss,2025-05-31
174,141,booking,2025-05-30
174,177,dismiss,2025-05-29
174,197,click,2025-05-31
174,97,dismiss,2025-06-02
174,103,dismiss,2025-06-01
174,198,click,2025-06-01
174,110,click,2025-06-02
174,113,booking,2025-05-30
174,87,visit,2025-05-29
174,80,view,2025-05-30
174,156,click,2025-05-31
174,128,dismiss,2025-06-02
174,22,booking,2025-05-31
174,181,view,2025-05-30
174,120,save,2025-06-01
174,12,booking,2025-05-30
174,84,visit,2025-05-29
175,194,view,2025-10-31
175,143,dismiss,2025-10-31
175,90,dismiss,2025-11-01
175,104,save,2025-10-31
175,48,click,2025-11-01
175,64,click,2025-11-01
175,43,dismiss,2025-10-31
175,164,click,2025-10-31
175,182,click,2025-10-31
175,174,click,2025-11-01
175,76,dismiss,2025-10-31
175,169,view,2025-10-31
175,153,click,2025-10-31
175,91,booking,2025-11-01
175,126,view,2025-11-01
175,96,click,2025-11-01
175,167,dismiss,2025-11-01
175,6,click,2025-10-31
175,145,dismiss,2025-11-01
175,59,click,2025-11-01
176,68,view,2025-08-17
176,76,dismiss,2025-08-17
176,83,view,2025-08-18
176,184,click,2025-08-17
176,115,click,2025-08-18
176,1,view,2025-08-16
176,107,visit,2025-08-16
176,80,click,2025-08-17
176,64,click,2025-08-16
176,159,view,2025-08-16
176,90,click,2025-08-16
176,157,dismiss,2025-08-16
176,186,save,2025-08-17
176,132,save,2025-08-17
176,50,view,2025-08-18
176,146,booking,2025-08-16
176,20,dismiss,2025-08-18
176,118,view,2025-08-18
176,71,dismiss,2025-08-18
176,30,dismiss,2025-08-17
177,106,click,2025-12-24
177,102,click,2025-12-25
177,172,dismiss,2025-12-24
177,136,dismiss,2025-12-26
177,85,click,2025-12-25
177,148,dismiss,2025-12-23
177,133,click,2025-12-23
177,114,dismiss,2025-12-25
177,60,booking,2025-12-26
177,146,click,2025-12-24
177,128,dismiss,2025-12-25
177,45,dismiss,2025-12-23
177,31,click,2025-12-24
177,82,save,2025-12-27
177,100,dismiss,2025-12-27
177,194,click,2025-12-24
177,122,dismiss,2025-12-23
177,91,view,2025-12-24
177,75,dismiss,2025-12-23
177,93,click,2025-12-27
178,140,click,2025-06-08
178,41,view,2025-06-10
178,114,save,2025-06-11
178,153,view,2025-06-11
178,110,dismiss,2025-06-11
178,16,dismiss,2025-06-08
178,13,view,2025-06-10
178,129,view,2025-06-10
178,128,view,2025-06-09
178,60,dismiss,2025-06-11
178,88,save,2025-06-10
178,172,booking,2025-06-11
178,26,booking,2025-06-09
178,175,view,2025-06-09
178,157,dismiss,2025-06-11
178,1,booking,2025-06-11
178,83,view,2025-06-08
178,199,dismiss,2025-06-10
178,33,click,2025-06-08
178,71,dismiss,2025-06-11
179,173,visit,2025-07-20
179,97,view,2025-07-20
179,130,click,2025-07-20
179,0,click,2025-07-20
179,61,view,2025-07-20
179,165,view,2025-07-20
179,24,view,2025-07-20
179,109,view,2025-07-19
179,62,click,2025-07-20
179,75,save,2025-07-20
179,151,click,2025-07-20
179,30,dismiss,2025-07-19
179,82,click,2025-07-20
179,170,booking,2025-07-20
179,80,click,2025-07-19
179,58,dismiss,2025-07-20
179,143,view,2025-07-20
179,19,click,2025-07-20
179,89,booking,2025-07-19
179,120,dismiss,2025-07-20
180,31,view,2025-05-02
180,197,click,2025-05-02
180,38,click,2025-05-02
180,50,click,2025-05-01
180,177,view,2025-05-01
180,178,click,2025-05-02
180,182,visit,2025-05-02
180,134,click,2025-05-02
180,67,save,2025-05-01
180,4,dismiss,2025-05-02
180,91,view,2025-05-02
180,111,save,2025-05-01
180,35,click,2025-05-02
180,124,dismiss,2025-05-01
180,186,click,2025-05-01
180,196,click,2025-05-02
180,65,click,2025-05-02
180,32,dismiss,2025-05-02
180,151,click,2025-05-01
180,169,save,2025-05-01
181,93,save,2025-12-25
181,23,dismiss,2025-12-24
181,187,view,2025-12-26
181,160,click,2025-12-25
181,143,dismiss,2025-12-24
181,118,dismiss,2025-12-26
181,154,view,2025-12-24
181,62,view,2025-12-26
181,42,visit,2025-12-26
181,168,click,2025-12-27
181,52,booking,2025-12-24
181,146,view,2025-12-27
181,169,booking,2025-12-27
181,174,click,2025-12-26
181,22,click,2025-12-25
181,129,visit,2025-12-27
181,13,dismiss,2025-12-24
181,113,booking,2025-12-27
181,167,visit,2025-12-24
181,196,view,2025-12-25
182,183,save,2025-03-24
182,122,click,2025-03-25
182,71,view,2025-03-25
182,74,view,2025-03-25
182,176,click,2025-03-24
182,181,view,2025-03-25
182,142,click,2025-03-26
182,184,dismiss,2025-03-26
182,55,click,2025-03-25
182,47,dismiss,2025-03-26
182,159,click,2025-03-24
182,66,click,2025-03-24
182,116,view,2025-03-24
182,190,view,2025-03-24
182,119,booking,2025-03-25
182,13,view,2025-03-24
182,196,dismiss,2025-03-24
182,7,dismiss,2025-03-25
182,113,dismiss,2025-03-24
182,3,view,2025-03-26
183,153,dismiss,2025-12-03
183,127,click,2025-12-04
183,55,click,2025-12-03
183,62,dismiss,2025-12-04
183,163,click,2025-12-03
183,109,save,2025-12-04
183,186,click,2025-12-04
183,27,click,2025-12-03
183,91,dismiss,2025-12-04
183,86,visit,2025-12-03
183,90,view,2025-12-04
183,8,click,2025-12-04
183,107,view,2025-12-04
183,162,dismiss,2025-12-04
183,192,booking,2025-12-03
183,134,click,2025-12-03
183,66,click,2025-12-03
183,50,click,2025-12-04
183,9,dismiss,2025-12-03
183,124,dismiss,2025-12-04
184,159,click,2025-06-15
184,114,click,2025-06-13
184,146,click,2025-06-13
184,59,click,2025-06-14
184,56,dismiss,2025-06-15
184,15,visit,2025-06-14
184,172,click,2025-06-14
184,17,visit,2025-06-13
184,75,click,2025-06-15
184,176,click,2025-06-13
184,122,view,2025-06-15
184,199,visit,2025-06-13
184,178,booking,2025-06-13
184,24,dismiss,2025-06-13
184,131,view,2025-06-14
184,112,dismiss,2025-06-14
184,47,click,2025-06-13
184,35,view,2025-06-14
184,197,click,2025-06-13
184,11,dismiss,2025-06-14
185,106,view,2025-12-12
185,185,dismiss,2025-12-11
185,149,click,2025-12-13
185,99,dismiss,2025-12-10
185,151,click,2025-12-13
185,48,click,2025-12-13
185,10,dismiss,2025-12-10
185,181,dismiss,2025-12-10
185,49,dismiss,2025-12-12
185,31,click,2025-12-13
185,73,dismiss,2025-12-11
185,3,click,2025-12-10
185,4,click,2025-12-11
185,132,view,2025-12-10
185,2,click,2025-12-13
185,63,click,2025-12-13
185,138,click,2025-12-13
185,38,view,2025-12-13
185,176,dismiss,2025-12-11
185,108,click,2025-12-13
186,194,click,2025-01-26
186,1,view,2025-01-23
186,49,click,2025-01-23
186,10,dismiss,2025-01-25
186,186,view,2025-01-25
186,164,click,2025-01-23
186,153,save,2025-01-24
186,36,save,2025-01-27
186,16,view,2025-01-25
186,128,view,2025-01-27
186,58,visit,2025-01-24
186,151,view,2025-01-25
186,54,dismiss,2025-01-24
186,75,click,2025-01-27
186,148,visit,2025-01-24
186,41,click,2025-01-24
186,107,visit,2025-01-25
186,112,save,2025-01-25
186,168,click,2025-01-25
186,189,dismiss,2025-01-26
187,163,dismiss,2025-12-06
187,65,click,2025-12-04
187,10,view,2025-12-06
187,197,dismiss,2025-12-03
187,74,click,2025-12-05
187,75,click,2025-12-05
187,64,dismiss,2025-12-05
187,164,dismiss,2025-12-06
187,37,click,2025-12-06
187,51,dismiss,2025-12-05
187,9,click,2025-12-06
187,121,save,2025-12-06
187,155,visit,2025-12-03
187,60,dismiss,2025-12-06
187,63,click,2025-12-03
187,4,visit,2025-12-04
187,77,click,2025-12-03
187,172,dismiss,2025-12-04
187,90,click,2025-12-03
187,109,view,2025-12-06
188,87,click,2025-02-01
188,23,view,2025-02-02
188,36,view,2025-02-01
188,79,booking,2025-02-03
188,160,save,2025-02-03
188,152,dismiss,2025-02-03
188,14,view,2025-02-01
188,141,view,2025-02-02
188,117,view,2025-02-02
188,116,click,2025-02-01
188,115,visit,2025-02-01
188,195,click,2025-02-03
188,94,view,2025-02-02
188,56,save,2025-02-03
188,112,dismiss,2025-02-01
188,149,view,2025-02-02
188,58,view,2025-02-02
188,174,view,2025-02-02
188,2,click,2025-02-01
188,98,booking,2025-02-01
189,56,dismiss,2025-10-12
189,166,click,2025-10-13
189,72,visit,2025-10-11
189,104,dismiss,2025-10-11
189,156,dismiss,2025-10-12
189,161,visit,2025-10-12
189,37,dismiss,2025-10-12
189,13,view,2025-10-13
189,18,dismiss,2025-10-11
189,177,click,2025-10-13
189,184,dismiss,2025-10-11
189,112,view,2025-10-12
189,128,view,2025-10-12
189,4,dismiss,2025-10-11
189,171,dismiss,2025-10-12
189,162,click,2025-10-13
189,98,click,2025-10-13
189,75,view,2025-10-13
189,32,click,2025-10-12
189,65,dismiss,2025-10-11
190,195,view,2025-06-17
190,83,click,2025-06-16
190,121,click,2025-06-16
190,157,view,2025-06-14
190,128,dismiss,2025-06-15
190,108,dismiss,2025-06-14
190,67,view,2025-06-16
190,66,click,2025-06-17
190,170,view,2025-06-15
190,103,dismiss,2025-06-16
190,98,click,2025-06-16
190,87,view,2025-06-17
190,196,click,2025-06-16
190,88,visit,2025-06-14
190,18,view,2025-06-15
190,41,click,2025-06-17
190,8,booking,2025-06-17
190,185,view,2025-06-15
190,104,click,2025-06-16
190,71,view,2025-06-14
191,62,view,2025-11-13
191,163,click,2025-11-14
191,158,click,2025-11-15
191,51,save,2025-11-14
191,125,dismiss,2025-11-14
191,31,click,2025-11-14
191,118,click,2025-11-12
191,19,click,2025-11-12
191,74,view,2025-11-14
191,114,booking,2025-11-13
191,82,click,2025-11-16
191,57,click,2025-11-15
191,77,dismiss,2025-11-12
191,2,click,2025-11-15
191,121,view,2025-11-12
191,186,dismiss,2025-11-15
191,106,view,2025-11-15
191,20,dismiss,2025-11-14
191,79,save,2025-11-16
191,48,dismiss,2025-11-14
192,34,click,2025-04-05
192,164,click,2025-04-03
192,10,booking,2025-04-06
192,41,view,2025-04-06
192,106,visit,2025-04-06
192,75,booking,2025-04-04
192,56,click,2025-04-06
192,101,view,2025-04-04
192,93,visit,2025-04-04
192,9,view,2025-04-04
192,26,visit,2025-04-06
192,54,view,2025-04-04
192,135,click,2025-04-03
192,52,view,2025-04-04
192,43,dismiss,2025-04-06
192,19,save,2025-04-06
192,57,save,2025-04-03
192,123,dismiss,2025-04-05
192,0,dismiss,2025-04-05
192,53,dismiss,2025-04-04
193,135,view,2025-11-01
193,88,dismiss,2025-10-31
193,6,click,2025-11-01
193,145,view,2025-10-31
193,98,view,2025-10-31
193,39,view,2025-10-31
193,44,click,2025-10-31
193,136,click,2025-10-31
193,118,view,2025-11-01
193,152,view,2025-11-01
193,185,click,2025-11-01
193,26,view,2025-11-01
193,1,visit,2025-11-01
193,122,click,2025-11-01
193,46,booking,2025-11-01
193,154,save,2025-10-31
193,72,click,2025-11-01
193,110,dismiss,2025-11-01
193,94,click,2025-11-01
193,124,save,2025-10-31
194,149,click,2025-04-24
194,42,click,2025-04-22
194,182,dismiss,2025-04-24
194,114,click,2025-04-22
194,145,view,2025-04-23
194,77,save,2025-04-24
194,191,click,2025-04-24
194,101,view,2025-04-22
194,6,view,2025-04-22
194,115,view,2025-04-22
194,52,view,2025-04-22
194,39,view,2025-04-24
194,33,dismiss,2025-04-23
194,69,view,2025-04-24
194,28,dismiss,2025-04-24
194,29,dismiss,2025-04-22
194,74,dismiss,2025-04-24
194,13,click,2025-04-22
194,48,view,2025-04-23
194,190,dismiss,2025-04-23
195,161,booking,2025-07-09
195,100,dismiss,2025-07-07
195,106,dismiss,2025-07-09
195,55,click,2025-07-09
195,134,view,2025-07-09
195,182,click,2025-07-10
195,56,view,2025-07-08
195,199,click,2025-07-10
195,98,dismiss,2025-07-08
195,186,save,2025-07-07
195,109,dismiss,2025-07-10
195,185,visit,2025-07-09
195,158,click,2025-07-11
195,118,dismiss,2025-07-07
195,114,dismiss,2025-07-10
195,113,view,2025-07-07
195,51,click,2025-07-10
195,87,dismiss,2025-07-08
195,40,click,2025-07-11
195,38,view,2025-07-08
196,184,click,2025-01-27
196,111,click,2025-01-27
196,54,view,2025-01-29
196,107,dismiss,2025-01-29
196,83,dismiss,2025-01-29
196,147,click,2025-01-27
196,161,view,2025-01-27
196,4,booking,2025-01-27
196,87,click,2025-01-27
196,198,view,2025-01-28
196,74,booking,2025-01-28
196,77,click,2025-01-27
196,121,click,2025-01-28
196,119,dismiss,2025-01-30
196,12,click,2025-01-27
196,67,view,2025-01-27
196,50,view,2025-01-28
196,137,view,2025-01-29
196,79,click,2025-01-27
196,156,view,2025-01-29
197,3,click,2025-08-19
197,193,dismiss,2025-08-18
197,22,dismiss,2025-08-18
197,129,booking,2025-08-19
197,199,dismiss,2025-08-19
197,153,dismiss,2025-08-19
197,115,dismiss,2025-08-19
197,176,dismiss,2025-08-19
197,118,click,2025-08-19
197,197,dismiss,2025-08-19
197,149,click,2025-08-18
197,134,dismiss,2025-08-18
197,121,visit,2025-08-19
197,135,dismiss,2025-08-18
197,140,save,2025-08-19
197,15,dismiss,2025-08-18
197,131,view,2025-08-18
197,23,view,2025-08-19
197,85,click,2025-08-18
197,88,visit,2025-08-18
198,75,booking,2025-03-05
198,107,visit,2025-03-05
198,158,click,2025-03-08
198,79,dismiss,2025-03-06
198,167,visit,2025-03-04
198,63,click,2025-03-07
198,111,save,2025-03-07
198,149,click,2025-03-05
198,116,click,2025-03-07
198,126,view,2025-03-06
198,100,dismiss,2025-03-06
198,166,save,2025-03-04
198,25,booking,2025-03-04
198,169,click,2025-03-05
198,90,view,2025-03-04
198,96,view,2025-03-06
198,10,view,2025-03-04
198,3,view,2025-03-05
198,115,view,2025-03-08
198,8,click,2025-03-05
199,32,view,2025-10-18
199,101,view,2025-10-17
199,19,click,2025-10-17
199,142,view,2025-10-17
199,143,view,2025-10-16
199,63,click,2025-10-16
199,170,view,2025-10-17
199,71,view,2025-10-17
199,108,dismiss,2025-10-17
199,134,view,2025-10-18
199,155,dismiss,2025-10-16
199,64,dismiss,2025-10-16
199,188,view,2025-10-17
199,139,click,2025-10-16
199,50,dismiss,2025-10-18
199,2,view,2025-10-16
199,51,dismiss,2025-10-18
199,13,view,2025-10-18
199,56,dismiss,2025-10-16
199,72,dismiss,2025-10-16
