trip_id,traveler_id,interests,budget,trip_days,start_date,mobility,party
0,0,shopping history,3,3,2025-02-19,transit,family
1,0,shopping history,3,4,2025-08-15,walk,couple
2,1,food nature,2,5,2025-09-03,car,family
3,1,food nature,3,2,2025-09-14,walk,couple
4,2,local-gem nightlife,3,5,2025-05-05,transit,family
5,2,local-gem museum,1,3,2025-07-03,transit,family
6,3,local-gem architecture,3,5,2025-03-02,walk,family
7,3,local-gem architecture,3,4,2025-11-20,transit,solo
8,4,art history,1,5,2025-07-28,car,family
9,4,art food,2,3,2025-08-06,car,couple
10,5,architecture kids,1,3,2025-06-08,car,couple
11,5,nature kids,3,3,2025-08-22,walk,couple
12,6,food architecture,1,4,2025-05-29,transit,couple
13,6,food nightlife,1,3,2025-06-15,transit,family
14,7,art museum,3,2,2025-01-06,walk,solo
15,7,activities art,3,4,2025-05-28,car,couple
16,8,local-gem shopping,2,4,2025-02-22,transit,couple
17,8,local-gem architecture,2,5,2025-09-15,transit,family
18,9,local-gem food,1,5,2025-03-02,transit,couple
19,9,local-gem food,2,4,2025-04-10,walk,couple
20,10,nature food,1,5,2025-04-02,car,solo
21,10,activities nature,1,3,2025-08-25,walk,couple
22,11,local-gem activities,2,3,2025-11-01,transit,couple
23,11,local-gem activities,2,4,2025-12-16,car,solo
24,12,local-gem activities,1,5,2025-03-04,transit,couple
25,12,local-gem nightlife,3,5,2025-08-19,walk,solo
26,13,nature architecture,2,4,2025-10-10,car,couple
27,13,food art,2,3,2025-10-20,car,couple
28,14,architecture kids,1,3,2025-11-01,car,solo
29,14,architecture shopping,3,5,2025-11-28,car,solo
30,15,local-gem nightlife,2,5,2025-08-16,walk,solo
31,15,local-gem nightlife,1,4,2025-11-06,walk,solo
32,16,local-gem architecture,1,5,2025-08-30,transit,family
33,16,local-gem architecture,2,5,2025-10-30,walk,family
34,17,architecture kids,3,4,2025-03-07,walk,family
35,17,nature activities,3,4,2025-12-28,transit,solo
36,18,local-gem art,2,5,2025-05-14,walk,family
37,18,local-gem art,2,3,2025-09-28,car,couple
38,19,shopping food,2,2,2025-06-28,walk,couple
39,19,nature architecture,2,4,2025-11-03,car,solo
40,20,local-gem food,3,4,2025-05-05,transit,solo
41,20,local-gem food,1,5,2025-06-26,car,couple
42,21,history kids,3,2,2025-02-21,walk,solo
43,21,activities architecture,1,4,2025-08-11,car,family
44,22,local-gem art,1,4,2025-05-21,transit,family
45,22,local-gem shopping,1,4,2025-12-24,car,solo
46,23,local-gem nightlife,1,3,2025-02-07,transit,family
47,23,local-gem food,1,3,2025-02-17,walk,solo
48,24,history food,1,5,2025-06-27,transit,solo
49,24,museum food,2,2,2025-10-12,car,solo
50,25,kids nature,2,3,2025-04-09,car,family
51,25,nightlife nature,3,3,2025-07-31,walk,family
52,26,shopping nature,3,4,2025-03-09,transit,family
53,26,shopping activities,2,3,2025-11-30,walk,couple
54,27,local-gem nightlife,2,5,2025-01-30,transit,solo
55,27,local-gem history,3,3,2025-06-19,car,family
56,28,local-gem museum,2,2,2025-07-19,car,family
57,28,local-gem museum,3,4,2025-09-10,car,couple
58,29,local-gem art,3,2,2025-09-02,walk,family
59,29,local-gem history,1,2,2025-11-27,car,solo
60,30,art kids,2,3,2025-02-07,walk,family
61,30,art museum,1,5,2025-07-09,car,solo
62,31,local-gem kids,3,3,2025-08-08,car,solo
63,31,local-gem food,1,4,2025-08-30,walk,solo
64,32,activities museum,3,5,2025-03-06,car,family
65,32,museum activities,3,2,2025-05-28,transit,couple
66,33,local-gem art,3,2,2025-05-12,transit,family
67,33,local-gem activities,1,2,2025-08-20,car,family
68,34,local-gem kids,1,3,2025-01-19,transit,couple
69,34,local-gem kids,3,4,2025-10-09,walk,couple
70,35,food shopping,2,2,2025-09-05,transit,couple
71,35,shopping museum,1,3,2025-09-15,walk,family
72,36,local-gem shopping,3,3,2025-04-12,walk,couple
73,36,local-gem activities,3,5,2025-08-16,walk,family
74,37,museum nature,1,2,2025-08-01,transit,couple
75,37,nightlife museum,1,2,2025-12-05,transit,couple
76,38,museum nightlife,1,3,2025-03-18,walk,family
77,38,nightlife art,1,5,2025-11-22,transit,solo
78,39,food history,2,2,2025-01-22,transit,solo
79,39,history food,2,5,2025-07-26,car,family
80,40,activities museum,3,4,2025-03-16,car,solo
81,40,kids shopping,2,4,2025-12-20,transit,family
82,41,museum nightlife,3,3,2025-11-20,walk,solo
83,41,kids history,3,4,2025-12-01,transit,couple
84,42,history nightlife,1,5,2025-10-05,transit,couple
85,42,history kids,3,2,2025-11-28,car,couple
86,43,shopping art,2,5,2025-02-25,car,family
87,43,food museum,3,3,2025-08-29,walk,family
88,44,kids architecture,1,4,2025-04-03,walk,family
89,44,kids architecture,3,5,2025-05-22,transit,family
90,45,local-gem history,3,2,2025-09-02,walk,family
91,45,local-gem art,1,5,2025-11-25,transit,family
92,46,kids activities,1,3,2025-11-14,car,couple
93,46,history activities,3,4,2025-12-26,car,solo
94,47,local-gem activities,2,5,2025-07-19,walk,solo
95,47,local-gem food,3,3,2025-12-15,transit,solo
96,48,local-gem museum,3,4,2025-01-14,car,solo
97,48,local-gem nature,2,3,2025-05-13,car,couple
98,49,nature art,3,2,2025-01-03,transit,solo
99,49,nature nightlife,3,5,2025-08-21,walk,solo
100,50,architecture museum,1,2,2025-05-16,car,family
101,50,kids nightlife,3,3,2025-07-06,car,family
102,51,museum history,3,5,2025-01-23,transit,family
103,51,kids nature,1,3,2025-11-03,car,couple
104,52,local-gem art,3,2,2025-03-11,car,couple
105,52,local-gem art,3,2,2025-11-23,car,family
106,53,shopping activities,3,5,2025-08-29,transit,solo
107,53,activities art,2,3,2025-09-16,walk,solo
108,54,architecture nightlife,3,5,2025-06-28,transit,solo
109,54,art architecture,3,4,2025-11-14,transit,couple
110,55,local-gem history,2,2,2025-07-08,car,solo
111,55,local-gem activities,1,4,2025-08-30,transit,solo
112,56,local-gem nature,3,3,2025-10-26,car,family
113,56,local-gem kids,3,3,2025-11-04,transit,solo
114,57,architecture food,1,4,2025-03-26,walk,couple
115,57,history food,3,3,2025-09-15,transit,family
116,58,local-gem shopping,3,3,2025-03-01,walk,family
117,58,local-gem kids,2,4,2025-09-22,walk,solo
118,59,local-gem art,2,4,2025-04-23,walk,couple
119,59,local-gem history,3,2,2025-05-15,transit,couple
120,60,architecture kids,1,5,2025-11-10,walk,couple
121,60,museum kids,2,2,2025-12-02,transit,solo
122,61,museum nightlife,3,4,2025-04-08,car,solo
123,61,kids museum,2,3,2025-07-17,walk,couple
124,62,kids shopping,1,3,2025-06-12,transit,family
125,62,kids museum,2,3,2025-08-22,car,solo
126,63,nightlife museum,2,2,2025-06-29,transit,solo
127,63,art museum,1,4,2025-09-10,walk,family
128,64,food architecture,3,5,2025-01-12,transit,family
129,64,food architecture,2,3,2025-07-22,walk,couple
130,65,nightlife activities,1,3,2025-05-25,car,family
131,65,kids nightlife,3,4,2025-08-09,car,couple
132,66,local-gem nature,1,2,2025-12-20,walk,family
133,66,local-gem art,2,4,2025-12-30,walk,family
134,67,shopping art,2,3,2025-11-03,transit,family
135,67,shopping art,2,4,2025-11-09,walk,solo
136,68,local-gem kids,3,3,2025-08-25,walk,family
137,68,local-gem kids,2,3,2025-10-28,car,family
138,69,food architecture,3,3,2025-05-13,transit,couple
139,69,food art,2,4,2025-05-25,car,couple
140,70,local-gem food,3,5,2025-03-30,car,solo
141,70,local-gem shopping,1,3,2025-04-04,car,couple
142,71,local-gem activities,2,3,2025-05-19,walk,family
143,71,local-gem nature,3,2,2025-08-26,walk,family
144,72,food museum,2,3,2025-03-07,transit,couple
145,72,nightlife food,1,2,2025-11-05,transit,couple
146,73,local-gem history,1,3,2025-02-18,walk,couple
147,73,local-gem nightlife,3,4,2025-03-26,car,family
148,74,local-gem food,2,2,2025-05-15,transit,solo
149,74,local-gem activities,1,5,2025-11-05,car,couple
150,75,local-gem nature,2,2,2025-08-21,car,couple
151,75,local-gem shopping,1,4,2025-10-28,car,solo
152,76,activities food,2,5,2025-03-27,transit,solo
153,76,activities food,3,5,2025-10-21,car,solo
154,77,food nightlife,1,4,2025-03-12,car,solo
155,77,activities food,3,5,2025-06-23,car,family
156,78,history shopping,3,4,2025-03-15,walk,couple
157,78,kids history,2,2,2025-06-05,walk,family
158,79,history activities,1,5,2025-01-16,walk,couple
159,79,architecture shopping,1,3,2025-08-26,walk,family
160,80,local-gem shopping,2,3,2025-05-21,car,solo
161,80,local-gem shopping,2,2,2025-09-24,walk,couple
162,81,art history,1,3,2025-07-28,walk,couple
163,81,food history,2,5,2025-10-27,transit,couple
164,82,local-gem activities,2,2,2025-08-10,car,couple
165,82,local-gem shopping,3,4,2025-11-03,car,solo
166,83,museum shopping,2,2,2025-06-02,walk,couple
167,83,museum food,1,2,2025-11-18,walk,family
168,84,local-gem food,1,4,2025-04-19,car,solo
169,84,local-gem history,2,3,2025-04-26,transit,family
170,85,local-gem activities,1,4,2025-06-06,transit,solo
171,85,local-gem nature,3,2,2025-10-20,transit,couple
172,86,shopping food,2,3,2025-03-08,transit,solo
173,86,food shopping,1,5,2025-06-13,walk,solo
174,87,local-gem museum,1,5,2025-05-29,car,couple
175,87,local-gem kids,1,2,2025-10-31,transit,couple
176,88,activities kids,1,3,2025-08-16,car,solo
177,88,kids activities,1,5,2025-12-23,transit,family
178,89,activities kids,3,4,2025-06-08,car,solo
179,89,nature kids,2,2,2025-07-19,walk,couple
180,90,local-gem food,3,2,2025-05-01,car,solo
181,90,local-gem food,3,4,2025-12-24,car,family
182,91,local-gem nightlife,2,3,2025-03-24,walk,solo
183,91,local-gem nightlife,1,2,2025-12-03,transit,solo
184,92,local-gem history,2,3,2025-06-13,walk,couple
185,92,local-gem art,2,5,2025-12-10,car,solo
186,93,history museum,2,5,2025-01-23,car,family
187,93,architecture art,2,4,2025-12-03,transit,couple
188,94,activities shopping,2,3,2025-02-01,transit,couple
189,94,activities architecture,1,3,2025-10-11,transit,solo
190,95,shopping nightlife,1,4,2025-06-14,car,family
191,95,shopping nightlife,2,5,2025-11-12,walk,couple
192,96,history art,2,4,2025-04-03,transit,solo
193,96,activities history,3,2,2025-10-31,car,family
194,97,nightlife architecture,3,3,2025-04-22,car,family
195,97,museum nightlife,2,5,2025-07-07,transit,couple
196,98,art kids,3,4,2025-01-27,transit,solo
197,98,art history,3,2,2025-08-18,car,solo
198,99,local-gem museum,1,5,2025-03-04,transit,solo
199,99,local-gem activities,1,3,2025-10-16,walk,family
